-- phpMyAdmin SQL Dump
-- version 5.2.0
-- https://www.phpmyadmin.net/
--
-- Host: 127.0.0.1:3306
-- Generation Time: Jul 08, 2024 at 07:34 PM
-- Server version: 8.0.31
-- PHP Version: 8.0.26

SET SQL_MODE = "NO_AUTO_VALUE_ON_ZERO";
START TRANSACTION;
SET time_zone = "+00:00";


/*!40101 SET @OLD_CHARACTER_SET_CLIENT=@@CHARACTER_SET_CLIENT */;
/*!40101 SET @OLD_CHARACTER_SET_RESULTS=@@CHARACTER_SET_RESULTS */;
/*!40101 SET @OLD_COLLATION_CONNECTION=@@COLLATION_CONNECTION */;
/*!40101 SET NAMES utf8mb4 */;

--
-- Database: `planificare_calatorie`
--

-- --------------------------------------------------------

--
-- Table structure for table `adrese`
--

DROP TABLE IF EXISTS `adrese`;
CREATE TABLE IF NOT EXISTS `adrese` (
  `id_adresa` int NOT NULL AUTO_INCREMENT,
  `regiune` varchar(50) NOT NULL,
  `judet` varchar(50) NOT NULL,
  `localitate` varchar(50) NOT NULL,
  `strada` varchar(50) NOT NULL,
  `nr_adresa` int NOT NULL,
  PRIMARY KEY (`id_adresa`)
) ENGINE=InnoDB AUTO_INCREMENT=506 DEFAULT CHARSET=utf8mb4 COLLATE=utf8mb4_0900_ai_ci;

--
-- Dumping data for table `adrese`
--

INSERT INTO `adrese` (`id_adresa`, `regiune`, `judet`, `localitate`, `strada`, `nr_adresa`) VALUES
(1, 'Valea Prahovei', 'Prahova', 'Sinaia', '0', 0),
(2, 'Valea Prahovei', 'Prahova', 'Sinaia', 'Yehudi Menuhin', 2),
(3, 'Valea Prahovei', 'Prahova', 'Sinaia', 'Piata Democratiei', 1),
(4, 'Valea Prahovei', 'Prahova', 'Sinaia', 'Manastirii', 2),
(5, 'Valea Prahovei', 'Prahova', 'Sinaia', 'Bulevardul Carol I', 11),
(6, 'Valea Prahovei', 'Prahova', 'Busteni', '0', 0),
(7, 'Valea Prahovei', 'Prahova', 'Busteni', 'Tudor Vladimirescu', 1),
(8, 'Valea Prahovei', 'Prahova', 'Busteni', 'Zamora', 1),
(9, 'Transilvania', 'Brasov', 'Brasov', '0', 0),
(10, 'Transilvania', 'Brasov', 'Brasov', 'Sforii', 0),
(11, 'Litoral', 'Constanta', 'Constanta', '0', 0),
(12, 'Litoral', 'Constanta', 'Constanta', 'Farul Genovez', 0),
(13, 'Litoral', 'Constanta', 'Constanta', 'Traian', 53),
(14, 'Litoral', 'Constanta', 'Constanta', 'Piata Ovidiu', 0),
(15, 'Transilvania', 'Alba Iulia', 'Alba Iulia', 'Aleea Durgaului ', 7),
(16, 'Transilvania', 'Alba Iulia', 'Alba Iulia', '0', 0),
(17, 'Transilvania', 'Alba Iulia', 'Alba Iulia', 'Mihai Viteazu', 12),
(18, 'Transilvania', 'Mures', 'Mures', '0', 0),
(19, 'Transilvania', 'Mures', 'Sovata', '0', 0),
(20, 'Transilvania', 'Mures', 'Brancovenesti', 'Castelului', 215),
(21, 'Transilvania', 'Mures', 'Danes', '0', 0),
(22, 'Transilvania', 'Mures', 'Sarmasu', '0', 0),
(23, 'Transilvania', 'Mures', 'Saschiz', '0', 0),
(24, 'Transilvania', 'Mures', 'Sighisoara', '0', 0),
(25, 'Crisana', 'Arad', 'Monesa', '0', 0),
(26, 'Crisana', 'Arad', 'Lipova', '0', 0),
(27, 'Crisana', 'Arad', 'Ineu', '0', 0),
(28, 'Crisana', 'Arad', 'Arad', '0', 0),
(29, 'Moldova', 'Neamt', 'Neamt', '0', 0),
(30, 'Moldova', 'Neamt', 'Ceahlau', '0', 0),
(31, 'Moldova', 'Neamt', 'Agapia', '0', 0),
(32, 'Moldova', 'Neamt', 'Garcina', '0', 0),
(33, 'Moldova', 'Neamt', 'Humulesti', '0', 0),
(34, 'Moldova', 'Neamt', 'Poiana Teiului', '0', 0),
(35, 'Moldova', 'Neamt', 'Tupilati', '0', 0),
(36, 'Muntenia', 'Arges', 'Arges', '0', 0),
(37, 'Muntenia', 'Arges', 'Pitesti', '0', 0),
(38, 'Muntenia', 'Arges', 'Dambovicioara', '0', 0),
(39, 'Muntenia', 'Arges', 'Rucar', '0', 0),
(40, 'Muntenia', 'Arges', 'Curtea de Arges', '0', 0),
(41, 'Muntenia', 'Dambovita', 'Moroieni', '0', 0),
(42, 'Muntenia', 'Dambovita', 'Pucioasa', '0', 0),
(43, 'Muntenia', 'Dambovita', 'Aninoasa', '0', 0),
(44, 'Muntenia', 'Dambovita', 'Bucsani', '0', 0),
(45, 'Muntenia', 'Dambovita', 'Cobia', '0', 0),
(46, 'Muntenia', 'Dambovita', 'Corbii Mari', '0', 0),
(47, 'Muntenia', 'Dambovita', 'Ion Luca Caragiale', '0', 0),
(48, 'Muntenia', 'Bucuresti', 'Bucuresti', '0', 0),
(49, 'Muntenia', 'Bucuresti', 'Vacaresti', '0', 0),
(50, 'Muntenia', 'Bucuresti', 'Bucuresti', 'Amzei General Christian', 0),
(51, 'Moldova', 'Suceava', 'Mitocu', '0', 0),
(52, 'Moldova', 'Suceava', 'Suceava', '0', 0),
(53, 'Moldova', 'Suceava', 'Calcica', '0', 0),
(54, 'Moldova', 'Suceava', 'Ciprian Porumbescu', '0', 0),
(55, 'Moldova', 'Suceava', 'Putna', '0', 0),
(56, 'Moldova', 'Suceava', 'Sucevita', '0', 0),
(57, 'Moldova', 'Suceava', 'Valea Moldovitei', '0', 0),
(58, 'Moldova', 'Suceava', 'Gura Humorului', '0', 0),
(59, 'Transilvania', 'Sibiu', 'Porumbacu de Jos', '0', 0),
(60, 'Transilvania', 'Sibiu', 'Sibiu', '0', 0),
(61, 'Transilvania', 'Sibiu', 'Biertan', '0', 0),
(62, 'Transilvania', 'Sibiu', 'Cartisoara', '0', 0),
(63, 'Transilvania', 'Sibiu', 'Avrig', '0', 0),
(64, 'Transilvania', 'Sibiu', 'Dumbrava', '0', 0),
(65, 'Moldova', 'Botosani', 'Botosani', '0', 0),
(66, 'Moldova', 'Botosani', 'Vorona', '0', 0),
(67, 'Moldova', 'Botosani', 'Ipotesti', '0', 0),
(68, 'Moldova', 'Botosani', 'George Enescu', '0', 0),
(69, 'Moldova', 'Iasi', 'Iasi', '0', 0),
(70, 'Moldova', 'Iasi', 'Barnova', '0', 0),
(71, 'Moldova', 'Iasi', 'Butea', '0', 0),
(72, 'Moldova', 'Iasi', 'Stolniceni-Prajescu', '0', 0),
(73, 'Moldova', 'Iasi', 'Dobravat', '0', 0),
(74, 'Moldova', 'Iasi', 'Mircesti', '0', 0),
(75, 'Moldova', 'Iasi', 'Ruginoasa', '0', 0),
(76, 'Moldova', 'Iasi', 'Voinesti', '0', 0),
(77, 'Dobrogea', 'Tulcea', 'Tulcea', '0', 0),
(78, 'Dobrogea', 'Tulcea', 'Jurilovca', '0', 0),
(79, 'Dobrogea', 'Tulcea', 'Frecatei', '0', 0),
(80, 'Dobrogea ', 'Tulcea', 'Jijila', '0', 0),
(81, 'Dobrogea', 'Tulcea', 'Sarichioiv', '0', 0),
(82, 'Dobrogea', 'Tulcea', 'Turcoaica', '0', 0),
(83, 'Dobrogea ', 'Tulcea', 'Iasaccea', '0', 0),
(84, 'Banat', 'Caras-Severin', 'Glimboca', '0', 0),
(85, 'Banat', 'Caras-Severin', 'Valiug', '0', 0),
(86, 'Banat', 'Caras-Severin', 'Baile Herculane', '0', 0),
(87, 'Banat', 'Caras-Severin', 'Sasca Romana', '0', 0),
(88, 'Banat', 'Caras-Severin', 'Carasova', '0', 0),
(89, 'Banat', 'Caras-Severin', 'Brebu Nou', '0', 0),
(90, 'Banat', 'Caras-Severin', '0', '0', 0),
(91, 'Banat', 'Caras-Severin', 'Resita', '0', 0),
(92, 'Maramures', 'Maramures', 'Borsa', '0', 0),
(93, 'Maramures', 'Maramures', 'Ieud', '0', 0),
(94, 'Maramures', 'Maramures', 'Poienile Izei', '0', 0),
(95, 'Maramures', 'Maramures', 'Budesti', '0', 0),
(96, 'Maramures', 'Maramures', 'Baia Sprie', '0', 0),
(97, 'Maramures', 'Maramures', '0', '0', 0),
(98, 'Maramures', 'Maramures', 'Sapanta', '0', 0),
(99, 'Maramures', 'Maramures', 'Barsana', '0', 0),
(100, 'Maramures', 'Maramures', 'Desesti', '0', 0),
(101, 'Transilvania', 'Cluj', 'Cluj', '0', 0),
(102, 'Transilvania', 'Cluj', 'Aghirescu', '0', 0),
(103, 'Transilvania', 'Cluj', 'Bisoara', '0', 0),
(104, 'Transilvania', 'Cluj', 'Turda', '0', 0),
(105, 'Transilvania', 'Cluj', 'Gherla', '0', 0),
(106, 'Transilvania', 'Cluj', 'Cluj-Napoca', '0', 0),
(107, 'Oltenia', 'Gorj', 'Targu Jiu', '0', 0),
(108, 'Oltenia', 'Gorj', 'Polovragi', '0', 0),
(109, 'Oltenia', 'Gorj', 'Polovragi', '0', 0),
(110, 'Oltenia', 'Gorj', '0', '0', 0),
(111, 'Oltenia', 'Gorj', 'Sacelu', '0', 0),
(112, 'Oltenia', 'Gorj', 'Baia de Fier', '0', 0),
(113, 'Oltenia', 'Gorj', 'Borascu', '0', 0),
(114, 'Oltenia', 'Gorj', 'Tismana', '0', 0),
(115, 'Transilvania', 'Hunedoara', '0', '0', 0),
(116, 'Transilvania', 'Hunedoara', 'Simeria', '0', 0),
(117, 'Transilvania', 'Hunedoara', 'Campu lui Neag', '0', 0),
(118, 'Transilvania', 'Hunedoara', 'Ghelari', '0', 0),
(119, 'Transilvania', 'Hunedoara', 'Orastioara', '0', 0),
(120, 'Transilvania', 'Hunedoara', 'Suseni', '0', 0),
(121, 'Oltenia', 'Valcea', 'Baile Olanesti', '0', 0),
(122, 'Oltenia', 'Valcea', '0', '0', 0),
(123, 'Oltenia', 'Valcea', 'Calimanesti', '0', 0),
(124, 'Oltenia', 'Valcea', 'Govora', '0', 0),
(125, 'Valea Prahovei', 'Prahova', 'Sinaia', 'Calea Codrului', 30),
(126, 'Valea Prahovei', 'Prahova', 'Sinaia', 'Bvd.Carol I', 27),
(127, 'Valea Prahovei', 'Prahova', 'Sinaia', 'Bvd.Carol I', 8),
(128, 'Valea Prahovei', 'Prahova', 'Sinaia', 'Cuza Voda', 2),
(129, 'Valea Prahovei', 'Prahova', 'Sinaia', 'Garbovei', 10),
(130, 'Valea Prahovei', 'Prahova ', 'Sinaia', 'Theodor Aman', 9),
(131, 'Valea Prahovei', 'Prahova', 'Sinaia', 'Theodor Aman', 16),
(132, 'Valea Prahovei', 'Prahova', 'Sinaia', 'Aleea Pelesului', 2),
(133, 'Valea Prahovei', 'Prahova', 'Sinaia', 'Bulevardul Republicii', 4),
(134, 'Valea Prahovei', 'Prahova', 'Sinaia', 'Calea Brasovului', 8),
(135, 'Valea Prahovei', 'Prahova', 'Sinaia', 'Bulevardul Carol I', 41),
(136, 'Valea Prahovei', 'Prahova', 'Sinaia', 'Octavian Goga', 4),
(137, 'Valea Prahovei', 'Prahova', 'Sinaia', 'Aosta', 3),
(138, 'Valea Prahovei', 'Prahova', 'Busteni', 'Bulevardul Libertatii', 93),
(139, 'Valea Prahovei', 'Prahova', 'Busteni', 'Valea Aba', 44),
(140, 'Transilvania', 'Brasov', 'Brasov', 'Republicii', 19),
(141, 'Transilvania', 'Brasov', 'Brasov', 'DJ112A', 0),
(142, 'Transilvania', 'Brasov', 'Sacele', 'Timis', 70),
(143, 'Transilvania', 'Brasov', 'Brasov', 'Appolonia', 12),
(144, 'Transilvania', 'Brasov', 'Brasov', 'Piata Sfatului', 14),
(145, 'Transilvania', 'Brasov', 'Brasov', 'Crisan', 6),
(146, 'Transilvania', 'Brasov', 'Brasov', 'Politehnicii', 6),
(147, 'Transilvania', 'Brasov', 'Brasov', 'George Enescu', 11),
(148, 'Transilvania', 'Brasov', 'Brasov', 'Diaconu Coresi', 6),
(149, 'Transilvania', 'Brasov', 'Brasov', 'Republicii', 1),
(150, 'Transilvania', 'Brasov', 'Brasov', 'Pictor Stefan Luchian ', 4),
(151, 'Transilvania', 'Brasov', 'Brasov', 'Harmanului', 60),
(152, 'Transilvania', 'Brasov', 'Brasov', 'Michael Weiss', 33),
(153, 'Litoral', 'Constanta', 'Constanta', 'Nicolae Iorga', 48),
(154, 'Litoral', 'Constanta', 'Constanta', 'Mircea cel Batran', 103),
(155, 'Litoral', 'Constanta', 'Constanta', 'Pescarilor', 33),
(156, 'Litoral', 'Constanta', 'Novodari', 'D21', 58),
(157, 'Litoral', 'Constanta', 'Mamaia Nord', 'Mamaia-Sat', 0),
(158, 'Litoral', 'Constanta', 'Constanta', 'Stefan cel Mare', 1),
(159, 'Litoral', 'Constanta', 'Eforie', 'Agigea', 0),
(160, 'Litoral', 'Constanta', 'Constanta', 'Bvd.Tomis', 44),
(161, 'Litoral', 'Constanta', 'Constanta', 'Sulmana', 26),
(162, 'Transilvania', 'Alba Iulia', 'Alba Iulia', 'Aurel Vlaicu', 35),
(163, 'Transilvania', 'Alba Iulia', 'Alba Iulia', 'Mistral Frederic', 3),
(164, 'Transilvania', 'Alba Iulia', 'Alba Iulia', 'I.C.Bratianu', 2),
(165, 'Transilvania', 'Alba Iulia', 'Alba Iulia', 'Calea Motilor', 3),
(166, 'Transilvania', 'Alba Iulia', 'Alba Iulia', 'Bvd. 1Decembrie', 0),
(167, 'Transilvania', 'Alba Iulia', 'Alba Iulia', 'Bvd.Transilvaniei', 9),
(168, 'Transilvania', 'Alba Iulia', 'Alba Iulia', 'Tudor Vladimirescu', 1),
(169, 'Transilvania', 'Alba Iulia', 'Alba Iulia', 'Lucian Blaga', 10),
(170, 'Transilvania', 'Alba Iulia', 'Alba Iulia', 'Primaverii', 11),
(171, 'Transilvania', 'Mures', 'Mures', 'Gheorghe Doja', 27),
(172, 'Transilvania', 'Mures', 'Targu Mures', 'Alexandru Papiu Ilarian', 1),
(173, 'Transilvania', 'Mures', 'Targu Mures', 'Piata Teatrului', 1),
(174, 'Transilvania', 'Mures', 'Targu Mures', 'Crinului', 4),
(175, 'Transilvania', 'Mures', 'Targu Mures', 'Bernady Gyoergy', 2),
(176, 'Transilvania', 'Mures', 'Targu Mures', 'Nicolae Balcescu', 12),
(177, 'Transilvania', 'Mures', 'Targu Mures', 'Poligrafiei', 3),
(178, 'Transilvania', 'Mures', 'Targu Mures', 'Rodnei', 27),
(179, 'Transilvania', 'Mures', 'Targu Mures', 'Libertatii', 15),
(180, 'Transilvania ', 'Mures', 'Targu Mures', 'Piata Teatrului', 7),
(181, 'Transilvania', 'Mures', 'Targu Mures', 'Piata Trandafirilor', 52),
(182, 'Crisana', 'Arad', 'Arad', 'Bvd.Decebal', 22),
(183, 'Crisana', 'Arad', 'Arad', 'Calea Romana', 47),
(184, 'Crisana', 'Arad', 'Arad', 'Sighisoara', 6),
(185, 'Crisana', 'Arad', 'Arad', 'Calea Romana', 13),
(186, 'Crisana', 'Arad', 'Arad', 'Nicolae Balcescu', 0),
(187, 'Crisana', 'Arad', 'Arad', 'Bvd.Decebal', 14),
(188, 'Crisana', 'Arad', 'Arad', '1Decembrie', 2),
(189, 'Crisana', 'Arad', 'Arad', 'Ghiba Birta', 9),
(190, 'Crisana', 'Arad', 'Arad', '1Decembrie1918', 0),
(191, 'Crisana', 'Arad', 'Arad', 'Bvd.Revolutiei', 46),
(192, 'Moldova', 'Neamt', 'Neamt', 'Petru Rares', 11),
(193, 'Moldova', 'Neamt', 'Neamt', 'Bvd.Traian', 2),
(194, 'Moldova', 'Neamt', 'Neamt', 'Petru Rares', 9),
(195, 'Moldova', 'Neamt', 'Neamt', 'M.Kogalniceanu', 4),
(196, 'Moldova', 'Neamt', 'Neamt', 'Stefan cel Mare', 1),
(197, 'Moldova', 'Neamt', 'Neamt', 'Bvd.Decebal', 80),
(198, 'Moldova', 'Neamt', 'Neamt', 'Aleea Tineretului', 29),
(199, 'Moldova', 'Neamt', 'Neamt', 'Petru Rares', 21),
(200, 'Moldova', 'Neamt', 'Neamt', 'Burebista ', 0),
(201, 'Moldova', 'Neamt', 'Neamt', 'Bvd. General Dacalescu', 209),
(202, 'Moldova', 'Neamt', 'Neamt', 'Bvd.Decebal', 71),
(203, 'Moldova', 'Neamt', 'Neamt', 'Bvd.Traian', 17),
(204, 'Muntenia', 'Arges', 'Arges', 'Calinescu Armand', 32),
(205, 'Muntenia', 'Arges', 'Pitesti', 'Bvd.Republicii', 63),
(206, 'Muntenia', 'Arges', 'Curtea de Arges', 'Negru Voda', 42),
(207, 'Muntenia', 'Arges', 'Campulung', 'Negru Voda', 56),
(208, 'Muntenia', 'Arges', 'Pitesti', 'Panselelor', 2),
(209, 'Muntenia', 'Arges', 'Curtea de Arges', 'Cuza Voda', 42),
(210, 'Muntenia', 'Arges', 'Pitesti', 'Bvd.Eroilor', 3),
(211, 'Muntenia', 'Arges', 'Pitesti', 'Grivitei', 7),
(212, 'Muntenia', 'Arges', 'Pitesti', 'Bvd.Bratianu', 27),
(213, 'Muntenia', 'Arges', 'Campulung', 'Republicii', 37),
(214, 'Muntenia', 'Dambovita', 'Targoviste', 'Ion Heliade Radulescu', 0),
(215, 'Muntenia', 'Dambovita', 'Targoviste', 'Calea Domneasca', 300),
(216, 'Muntenia', 'Dambovita', 'Targoviste', 'Alexandru Ioan Cuza', 0),
(217, 'Muntenia', 'Dambovita', 'Targoviste', '13Decembrie', 21),
(218, 'Muntenia', 'Dambovita', 'Targoviste', 'Calea Domneasca', 179),
(219, 'Muntenia', 'Dambovita', 'Targoviste', 'Aleea Coconilor', 0),
(220, 'Muntenia', 'Dambovita', 'Targoviste', 'Negustorilor', 1),
(221, 'Muntenia', 'Dambovita', 'Targoviste', 'Calea Ialomitei', 100),
(222, 'Muntenia', 'Dambovita', 'Targoviste', 'Alexandru Ioan Cuza', 30),
(223, 'Muntenia', 'Dambovita', 'Targoviste', 'Locotenent Ion Stancu', 2),
(224, 'Moldova', 'Suceava', 'Suceava', 'Curtea Domneasca', 9),
(225, 'Moldova', 'Suceava', 'Suceava', 'Stefan cel Mare', 28),
(226, 'Moldova', 'Suceava', 'Suceava', 'Republicii', 18),
(227, 'Moldova', 'Suceava', 'Suceava', 'Republicii', 10),
(228, 'Moldova', 'Suceava', 'Scheia', 'Agronomului', 52),
(229, 'Moldova', 'Suceava', 'Suceava', 'Mitropoliei', 5),
(230, 'Moldova', 'Suceava', 'Suceava', 'Zorilor', 6),
(231, 'Moldova', 'Suceava', 'Suceava', 'Republicii', 10),
(232, 'Moldova', 'Suceava', 'Suceava', 'Bvd.1Mai', 8),
(233, 'Moldova', 'Suceava', 'Suceava', 'Petru Rares', 57),
(234, 'Muntenia', 'Bucuresti', 'Bucuresti', 'Pierre de Coubertin', 3),
(235, 'Muntenia', 'Bucuresti', 'Bucuresti', 'Soseaua Nordului ', 7),
(236, 'Muntenia', 'Bucuresti', 'Bucuresti', 'Floreasca', 246),
(237, 'Muntenia', 'Bucuresti', 'Bucuresti', 'Barbu Vacarescu', 164),
(238, 'Muntenia', 'Bucuresti', 'Bucuresti', 'Sfintii Voievozi', 1),
(239, 'Muntenia', 'Bucuresti', 'Bucuresti', 'Calea Floreasca', 91),
(240, 'Muntenia', 'Bucuresti', 'Bucuresti', 'Soseaua Kiseleff', 32),
(241, 'Muntenia', 'Bucuresti', 'Bucuresti', 'Bvd.Unirii', 1),
(242, 'Muntenia', 'Bucuresti', 'Sector1', 'Calea Dorobanti', 63),
(243, 'Transilvania', 'Sibiu', 'Sibiu', 'Calea Gusteritei', 20),
(244, 'Transilvania', 'Sibiu', 'Sibiu', 'Ocnei', 22),
(245, 'Transilvania', 'Sibiu', 'Sibiu', 'Calea Dumbravii', 142),
(246, 'Transilvania', 'Sibiu', 'Sibiu', 'Scoala de Inot ', 1),
(247, 'Transilvania', 'Sibiu', 'Sibiu', 'Berariei', 0),
(248, 'Transilvania', 'Sibiu', 'Sibiu', 'Turnului', 0),
(249, 'Transilvania', 'Sibiu', 'Sibiu', 'Nicolae Balcescu', 11),
(250, 'Transilvania', 'Sibiu', 'Sibiu', 'Targului', 10),
(251, 'Transilvania', 'Sibiu', 'Sibiu', 'Popovici Timotei', 9),
(252, 'Transilvania', 'Sibiu', 'Sibiu', 'Bvd.Victoriei', 34),
(253, 'Transilvania', 'Sibiu', 'Sibiu', 'Piata Mica', 23),
(254, 'Transilvania', 'Sibiu', 'Sibiu', 'Ilarian Papiu A', 3),
(255, 'Moldova', 'Botosani', 'Botosani', 'Pietonalul Unirii', 0),
(256, 'Moldova', 'Botosani', 'Botosani', 'Piata 1Decembrie', 27),
(257, 'Moldova', 'Botosani', 'Botosani', 'Calea Nationala', 167),
(258, 'Moldova', 'Botosani', 'Botosani', 'Parcul Mihai Eminescu ', 34),
(259, 'Moldova', 'Botosani', 'Botosani', 'Pietonal Unirii', 1),
(260, 'Moldova', 'Botosani', 'Botosani', 'Bvd.Primaverii', 33),
(261, 'Moldova', 'Botosani', 'Botosani', 'Aleea Unirii', 3),
(262, 'Moldova', 'Botosani', 'Botosani', 'Soseaua Botosani', 0),
(263, 'Moldova', 'Botosani', 'Botosani', 'Aleea Unirii', 0),
(264, 'Moldova', 'Botosani', 'Botosani', 'Calea Nationala Uventura Mall', 0),
(265, 'Moldova', 'Iasi', 'Iasi', 'Strada Palat1', 48),
(266, 'Moldova', 'Iasi', 'Iasi', 'Bvd.Stefan cel Mare si Sfant', 10),
(267, 'Moldova', 'Iasi', 'Iasi', 'Strada Sarariei', 144),
(268, 'Moldova', 'Iasi', 'Iasi', 'Arcu', 78),
(269, 'Moldova', 'Iasi', 'Iasi', 'Bvd.Carol I', 26),
(270, 'Moldova', 'Iasi', 'Iasi', 'Moldovei', 20),
(271, 'Moldova', 'Iasi', 'Iasi', 'Panu Anastasiei', 46),
(272, 'Moldova', 'Iasi', 'Iasi', 'B4 Piata Unirii', 5),
(273, 'Moldova', 'Iasi', 'Iasi', 'Gandu', 2),
(274, 'Moldova', 'Iasi', 'Iasi', 'Piata Unirii', 5),
(275, 'Moldova', 'Iasi', 'Iasi', 'Gheorghe Lascar 2', 2),
(276, 'Maramures', 'Baia Mare', 'Baia Mare', 'Mihai Eminescu', 136),
(277, 'Maramures', 'Baia Mare', 'Baia Mare', 'Scolii', 2),
(278, 'Maramures', 'Baia Mare', 'Baia Mare', 'Imasului', 24),
(279, 'Maramures', 'Baia Mare', 'Baia Mare', 'Andrei Muresan', 25),
(280, 'Maramures', 'Baia Mare', 'Baia Mare', 'Valea Rosie', 10),
(281, 'Maramures', 'Baia Mare', 'Borsa', 'Bradet', 8),
(282, 'Maramures', 'Baia Mare', 'Viseu de Sus', 'Gheorghe Doja', 6),
(283, 'Maramures', 'Baia Mare', 'Baia Mare', 'Piata Liberatatii', 4),
(284, 'Maramures', 'Baia Mare', 'Breb', 'Principala', 148),
(286, 'Litoral', 'Constanta', 'Costinesti', '0', 0),
(287, 'Moldova', 'Iasi', 'Iasi', '0', 0),
(288, 'Transilvania', 'Bistrita Nasaud', 'Bistrita ', '0', 0),
(289, 'Moldova ', 'Suceava', 'Cetatea de Scaun a Sucevei', '0', 0),
(290, 'Oltenia', 'Valcea', 'Ramnicul Valcea', 'Platoul Feteni', 0),
(291, 'Muntenia ', 'Arges', 'Campulung', '0', 0),
(292, 'Muntenia ', 'Bucuresti', 'Bucuresti', 'Arenele Romane', 0),
(293, 'Moldova', 'Suceava', 'Suceava', 'Comoara Bucovinei Corlata', 0),
(294, 'Transilvania', 'Sibiu', 'Sibiu', 'Muzeul Astra', 0),
(295, 'Moldova', 'Bacau', 'Darmanesti', 'Muncii', 16),
(296, 'Muntenia', 'Bucuresti', 'Bucuresti', 'Grozavesti', 82),
(297, 'Transilvania', 'Cluj', 'Cluj-Napoca', 'Taietura Turcului', 0),
(298, 'Muntenia', 'Arges', 'Merisani', 'Tiganca', 1383),
(299, 'Transilvania ', 'Cluj', 'Cluj-Napoca', 'Uzinei Electrice', 0),
(300, 'Molova', 'Iasi', 'Iasi', 'Palas', 7),
(301, 'Transilvania', 'Mures', 'Santana de Mures', 'Scolii', 229),
(302, 'Doborgea', 'Tulcea', 'Tulcea', 'Piata Independentei', 1),
(303, 'Transilvania', 'Hunedoara', 'Petrosani', '0', 0),
(304, 'Muntenia ', 'Prahova', 'Ploiesti', 'Bvd.Republicii', 65),
(305, 'Transilvania', 'Brasov', 'Brasov', 'Nicolae Titulescu', 2),
(306, 'Muntenia', 'Dambovita', 'Targoviste', '0', 0),
(307, 'Litoral', 'Constanta', 'Constanta', 'Bvd.Ferdinand', 56),
(308, 'Transilvania', 'Alba Iulia', 'Alba Iulia', 'M.Viteazu', 31),
(309, 'Transilvania', 'Sibiu', 'Sibiu', 'BVD.Corneliu Coposu 2', 0),
(310, 'Transilvania ', 'Brasov', 'Brasov', 'Appolonia', 8),
(311, 'Muntenia', 'Bucuresti', 'Bucuresti', 'Bucovina', 6),
(312, 'Muntenia', 'Prahova', 'Magureni', 'Herculesti', 0),
(313, 'Transilvania', 'Cluj', 'Bonita', 'Principala', 0),
(314, 'Transilvania', 'Brasov', 'Bran-Zanoaga', '0', 0),
(315, 'Moldova', 'Botosani', 'Darabanti', '1 Decembrie', 100),
(316, 'Maramures', 'Maramures', 'Breb', 'Zona Mocira', 211),
(317, 'Crisana', 'Arad', 'Arad', 'Piata George Enescu 1', 0),
(318, 'Valea Prahovei', 'Prahova', 'Sinaia', 'Unirii', 5),
(319, 'Valea Prahovei', 'Prahova', 'Breaza', 'Mihai Eminescu', 20),
(320, 'Valea Prahovei', 'Prahova', 'Azuga', 'Victoriei', 12),
(321, 'Valea Prahovei', 'Prahova', 'Busteni', 'Republicii', 15),
(322, 'Valea Prahovei', 'Prahova', 'Predeal', 'Caraiman', 7),
(323, 'Valea Prahovei ', 'Prahova', 'Comarnic', 'Morii', 30),
(324, 'Valea Prahovei', 'Prahova', 'Campina', 'Independentei', 25),
(325, 'Valea Prahovei', 'Prahova', 'Busteni', 'Mihai Viteazu', 3),
(326, 'Valea Prahovei', 'Prahova', 'Sinaia', 'Libertatii', 8),
(327, 'Transilvania', 'Brasov', 'Predeal', 'Str. Mioritei', 25),
(328, 'Transilvania', 'Brasov', 'Sinaia', 'Str. Independentei', 10),
(329, 'Transilvania', 'Brasov', 'Poiana Brasov', 'Str. Valea Draganului', 5),
(330, 'Transilvania', 'Brasov', 'Brasov', 'Str. Bulevardul Eroilor', 30),
(331, 'Transilvania', 'Brasov', 'Rasnov', 'Str. Cetatii', 12),
(332, 'Transilvania', 'Brasov', 'Bran', 'Str. Brașovului', 20),
(333, 'Transilvania', 'Brasov', 'Zarnesti', 'Str. Stefan cel Mare', 7),
(334, 'Transilvania', 'Brasov', 'Codlea', 'Str. 1 Mai', 14),
(335, 'Transilvania', 'Brasov', 'Fagaras', 'Str. Nicolae Balcescu', 9),
(336, 'Transilvania', 'Brasov', 'Prejmer', 'Str. Principală', 3),
(337, 'Transilvania', 'Brasov', 'Cristian', 'Str. Unirii', 17),
(338, 'Transilvania', 'Brasov', 'Zarnesti', 'Str. Trei Brazi', 22),
(339, 'Transilvania', 'Brasov', 'Bran', 'Str. Branului', 8),
(340, 'Transilvania', 'Brasov', 'Cristian', 'Str. Principală', 10),
(341, 'Transilvania', 'Brasov', 'Rasnov', 'Str. Livada', 6),
(342, 'Transilvania', 'Brasov', 'Bran', 'Str. General Traian Mosoiu', 15),
(343, 'Transilvania', 'Brasov', 'Predeal', 'Str. Ghiocei', 4),
(344, 'Transilvania', 'Brasov', 'Rasnov', 'Str. Stejarilor', 11),
(345, 'Transilvania', 'Brasov', 'Poiana Brasov', 'Str. Poiana Soarelui', 18),
(346, 'Transilvania', 'Brasov', 'Brasov', 'Str. Str. Apollonia Hirscher', 35),
(347, 'Litoral', 'Constanta', 'Mamaia', 'Bulevardul Mamaia', 123),
(348, 'Litoral', 'Constanta', 'Navodari', 'Strada Sportului', 45),
(349, 'Litoral', 'Constanta', 'Eforie Nord', 'Aleea Florilor', 7),
(350, 'Litoral', 'Constanta', 'Costinesti', 'Strada Plajei', 20),
(351, 'Litoral', 'Constanta', 'Vama Veche', 'Strada Pescarilor', 15),
(352, 'Litoral', 'Constanta', 'Techirghiol', 'Bulevardul Lacului', 30),
(353, 'Litoral', 'Constanta', 'Neptun', 'Strada Stea de Mare', 9),
(354, 'Litoral', 'Constanta', 'Olimp', 'Bulevardul Neptun', 25),
(355, 'Litoral', 'Constanta', 'Jupiter', 'Strada Soarelui', 12),
(356, 'Litoral', 'Constanta', 'Mangalia', 'Aleea Sirenelor', 3),
(357, 'Transilvania', 'Alba Iulia', 'Alba Iulia', 'Strada Victoriei', 15),
(358, 'Transilvania', 'Mureș', 'Târgu Mureș', 'Bulevardul 1 Decembrie', 10),
(359, 'Transilvania', 'Arad', 'Arad', 'Bulevardul Revoluției', 20),
(360, 'Moldova', 'Neamț', 'Piatra Neamț', 'Strada Republicii', 5),
(361, 'Transilvania', 'Alba Iulia', 'Alba Iulia', 'Strada Mihai Viteazu', 30),
(362, 'Transilvania', 'Mureș', 'Sighișoara', 'Strada Vlad Țepeș', 17),
(363, 'crisana', 'Arad', 'Lipova', 'Strada Bucegi', 12),
(364, 'Moldova', 'Neamț', 'Roman', 'Bulevardul 1 Mai', 3),
(365, 'Transilvania', 'Alba Iulia', 'Blaj', 'Bulevardul Unirii', 8),
(366, 'Transilvania', 'Mureș', 'Toplița', 'Strada Libertății', 25),
(367, 'Transilvania', 'Mureș', 'Toplița', 'Strada Libertății', 25),
(368, 'crisana', 'Arad', 'Arad', 'Strada Ecaterina Teodoroiu', 9),
(369, 'Moldova', 'Neamț', 'Târgu Neamț', 'Strada Ștefan cel Mare', 6),
(370, 'Transilvania', 'Alba Iulia', 'Blaj', 'Strada Avram Iancu', 10),
(371, 'Transilvania', 'Mureș', 'Sighișoara', 'Strada Mihai Eminescu', 13),
(372, 'crisana', 'Arad', 'Lipova', 'Strada Mihai Eminescu', 17),
(373, 'Moldova', 'Neamț', 'Roman', 'Bulevardul 9 Mai', 4),
(374, 'Transilvania', 'Alba Iulia', 'Alba Iulia', 'Bulevardul Horea', 20),
(375, 'Transilvania', 'Mureș', 'Târgu Mureș', 'Bulevardul Ștefan cel Mare', 12),
(376, 'crisana', 'Arad', 'Arad', 'Strada Regele Carol I', 7),
(377, 'Vest', 'Arad', 'Arad', 'Strada Tudor Vladimirescu', 3),
(378, 'Vest', 'Arad', 'Hunedoara', 'Strada Andrei Saguna', 11),
(379, 'Vest', 'Arad', 'Vinga', 'Strada Principala', 8),
(380, 'Vest', 'Timiș', 'Timișoara', 'Bulevardul Republicii', 22),
(381, 'Vest', 'Arad', 'Arad', 'Strada Mihai Eminescu', 7),
(382, 'Vest', 'Arad', 'Arad', 'Strada Libertății', 15),
(383, 'Vest', 'Hunedoara', 'Deva', 'Bulevardul 1 Decembrie 1918', 9),
(384, 'Vest', 'Arad', 'Arad', 'Strada Revoluției', 1),
(385, 'Vest', 'Arad', 'Caransebeș', 'Bulevardul  1 Mai', 5),
(386, 'Vest', 'Arad', 'Lipova', 'Strada Avram Iancu', 13),
(387, 'Transilvania', 'Neamț', 'Piatra Neamț', 'Strada Victoriei', 10),
(388, 'Transilvania', 'Neamț', 'Târgu Neamț', 'Bulevardul Republicii', 7),
(389, 'Transilvania', 'Neamț', 'Bicaz', 'Strada Principala', 22),
(390, 'Transilvania', 'Neamț', 'Durău', 'Strada Molidului', 3),
(391, 'Transilvania', 'Neamț', 'Piatra Neamț', 'Strada Bucovinei', 15),
(392, 'Transilvania', 'Neamț', 'Câmpulung Moldovenesc', 'Bulevardul 1 Decembrie', 12),
(393, 'Transilvania', 'Neamț', 'Tarcău', 'Strada Izvorului', 6),
(394, 'Transilvania', 'Neamț', 'Borsec', 'Bulevardul Mihai Eminescu', 9),
(395, 'Transilvania', 'Neamț', 'Bistrița', 'Bulevardul Independenței', 5),
(396, 'Transilvania', 'Neamț', 'Bicaz', 'Strada Poiana', 18),
(397, 'Muntenia', 'Argeș', 'Pitesti', 'Bulevardul Republicii', 5),
(398, 'Muntenia', 'Argeș', 'Pitești', 'Strada Mihail Kogălniceanu', 13),
(399, 'Muntenia', 'Argeș', 'Topoloveni', 'Strada Principala', 8),
(400, 'Muntenia', 'Argeș', 'Câmpulung', 'Strada Sucevei', 12),
(401, 'Muntenia', 'Argeș', 'Curtea de Argeș', 'Strada Hristo Botev', 3),
(402, 'Muntenia', 'Argeș', 'Vidraru', 'Strada Lacului', 7),
(403, 'Muntenia', 'Argeș', 'Făgăraș', 'Bulevardul 1 Mai', 11),
(404, 'Muntenia', 'Argeș', 'Bascov', 'Bulevardul Călărași', 4),
(405, 'Muntenia', 'Argeș', 'Costești', 'Strada Principală', 6),
(406, 'Muntenia', 'Argeș', 'Căteasca', 'Strada Soarelui', 9),
(407, 'Sud', 'Dâmbovița', 'Târgoviște', 'Strada Libertății', 7),
(408, 'Sud', 'Dâmbovița', 'Pucioasa', 'Bulevardul Mărășești', 4),
(409, 'Sud', 'Dâmbovița', 'Moreni', 'Strada Primăverii', 11),
(410, 'Sud', 'Dâmbovița', 'Găești', 'Strada Principală', 6),
(411, 'Sud', 'Dâmbovița', 'Titu', 'Strada Viitorului', 13),
(412, 'Sud', 'Dâmbovița', 'Ialomița', 'Bulevardul Victoriei', 9),
(413, 'Sud', 'Dâmbovița', 'Moreni', 'Strada Independenței', 15),
(414, 'Sud', 'Dâmbovița', 'Târgoviște', 'Strada Olari', 5),
(415, 'Sud', 'Dâmbovița', 'Fieni', 'Bulevardul Revoluției', 12),
(416, 'Sud', 'Dâmbovița', 'Râu Alb', 'Aleea Florilor', 8),
(417, 'Moldova', 'Suceava', 'Suceava', 'Strada Victoriei', 10),
(418, 'Moldova', 'Suceava', 'Câmpulung Moldovenesc', 'Strada Republicii', 25),
(419, 'Moldova', 'Suceava', 'Fălticeni', 'Strada Libertății', 7),
(420, 'Moldova', 'Suceava', 'Gura Humorului', 'Strada Bucovinei', 15),
(421, 'Moldova', 'Suceava', 'Rădăuți', 'Strada Mihai Eminescu', 3),
(422, 'Moldova', 'Suceava', 'Vatra Dornei', 'Bulevardul Bucovina', 30),
(423, 'Moldova', 'Suceava', 'Cacica', 'Strada Salina', 2),
(424, 'Moldova', 'Suceava', 'Câmpulung Moldovenesc', 'Strada Bistriței', 40),
(425, 'Moldova', 'Suceava', 'Fălticeni', 'Bulevardul Republicii', 12),
(426, 'Moldova', 'Suceava', 'Mănăstirea Humorului', 'Strada Mănăstirii', 5),
(427, 'Muntenia', 'București', 'Sector 1', 'Strada Dorobanți', 15),
(428, 'Muntenia', 'București', 'Sector 1', 'Bulevardul Pache Protopopescu', 25),
(429, 'Muntenia', 'București', 'Sector 1', 'Strada Gheorghe Lazăr', 10),
(430, 'Muntenia', 'București', 'Sector 1', 'Bulevardul Aviatorilor', 5),
(431, 'Muntenia', 'București', 'Sector 1', 'Calea Victoriei', 20),
(432, 'Muntenia', 'București', 'Sector 1', 'Bulevardul Nicolae Balcescu', 30),
(433, 'Muntenia', 'București', 'Sector 1', 'Strada Romana', 7),
(434, 'Muntenia', 'București', 'Sector 1', 'Bulevardul Magheru', 12),
(435, 'Muntenia', 'București', 'Sector 1', 'Bulevardul Ion C. Bratianu', 9),
(436, 'Muntenia', 'București', 'Sector 1', 'Strada George Enescu', 18),
(437, 'Transilvania', 'Sibiu', 'Sibiu', 'Str. Victoriei', 12),
(438, 'Transilvania', 'Sibiu', 'Ocna Sibiului', 'Aleea Parcului', 3),
(439, 'Transilvania', 'Sibiu', 'Rășinari', 'Str. Principală', 45),
(440, 'Transilvania', 'Sibiu', 'Avrig', 'Str. Libertății', 22),
(441, 'Transilvania', 'Sibiu', 'Cisnădie', 'Bd. Revoluției', 7),
(442, 'Transilvania', 'Sibiu', 'Cisnădioara', 'Str. Principală', 101),
(443, 'Transilvania', 'Sibiu', 'Tălmaciu', 'Str. Libertății', 15),
(444, 'Transilvania', 'Sibiu', 'Săliște', 'Bd. Unirii', 30),
(445, 'Transilvania', 'Sibiu', 'Dumbrăveni', 'Str. Mihai Eminescu', 1),
(446, 'Transilvania', 'Sibiu', 'Rășinari', 'Aleea Păcii', 5),
(447, 'Moldova', 'Botoșani', 'Botoșani', 'Strada Libertății', 12),
(448, 'Moldova', 'Botoșani', 'Botoșani', 'Strada Unirii', 15),
(449, 'Moldova', 'Botoșani', 'Botoșani', 'Strada Mihai Eminescu', 8),
(450, 'Moldova', 'Botoșani', 'Botoșani', 'Strada Gheorghe Asachi', 20),
(451, 'Moldova', 'Botoșani', 'Botoșani', 'Strada Nicolae Bălcescu', 22),
(452, 'Moldova', 'Botoșani', 'Botoșani', 'Strada Ion Creangă', 18),
(453, 'Moldova', 'Botoșani', 'Botoșani', 'Strada Mihai Viteazul', 10),
(454, 'Moldova', 'Botoșani', 'Botoșani', 'Strada Dimitrie Cantemir', 16),
(455, 'Moldova', 'Botoșani', 'Botoșani', 'Strada Petru Rarescu', 24),
(456, 'Moldova', 'Botoșani', 'Botoșani', 'Strada Vasile Alecsandri', 14),
(481, 'Moldova', 'Iași', 'Iași', 'Strada Nicolae Bălcescu', 12),
(482, 'Moldova', 'Iași', 'Iași', 'Strada Mihai Eminescu', 8),
(483, 'Moldova', 'Iași', 'Iași', 'Strada Gheorghe Asachi', 20),
(484, 'Moldova', 'Iași', 'Iași', 'Strada Petru Rarescu', 24),
(485, 'Moldova', 'Iași', 'Iași', 'Strada Vasile Alecsandri', 14),
(486, 'Maramureș', 'Maramureș', 'Baia Mare', 'Strada Unirii', 12),
(487, 'Maramureș', 'Maramureș', 'Sighetu Marmației', 'Strada Republicii', 15),
(488, 'Maramureș', 'Maramureș', 'Bârsana', 'Strada Principală', 3),
(489, 'Maramureș', 'Maramureș', 'Viseu de Sus', 'Strada Călărași', 10),
(490, 'Maramureș', 'Maramureș', 'Ieud', 'Strada Gării', 8),
(491, 'Maramureș', 'Maramureș', 'Dragomirești', 'Strada Nicolae Bălcescu', 16),
(492, 'Maramureș', 'Maramureș', 'Desești', 'Strada Întreprinderei', 6),
(493, 'Maramureș', 'Maramureș', 'Târgu Lăpuș', 'Strada Pompierilor', 11),
(494, 'Maramureș', 'Maramureș', 'Bicaz-Cheiul Verde', 'Strada Centru Comercial', 14),
(495, 'Dobrogea', 'Tulcea', 'Tulcea', 'Strada Unirii', 12),
(496, 'Dobrogea', 'Tulcea', 'Tulcea', 'Strada Republicii', 15),
(497, 'Dobrogea', 'Tulcea', 'Tulcea', 'Strada Principală', 3),
(498, 'Dobrogea', 'Tulcea', 'Tulcea', 'Strada Călărași', 10),
(499, 'Dobrogea', 'Tulcea', 'Tulcea', 'Strada Gării', 8),
(500, 'Dobrogea', 'Tulcea', 'Tulcea', 'Strada Nicolae Bălcescu', 16),
(501, 'Dobrogea', 'Tulcea', 'Tulcea', 'Strada Întreprinderei', 6),
(502, 'Dobrogea', 'Tulcea', 'Tulcea', 'Strada Pompierilor', 11),
(503, 'Dobrogea', 'Tulcea', 'Tulcea', 'Strada Centru Comercial', 14),
(504, 'Dobrogea', 'Tulcea', 'Tulcea', 'Strada Mihai Eminescu', 9),
(505, 'LaMisto', 'LaMisto', 'LaMisto', 'LaMisto', 0);

-- --------------------------------------------------------

--
-- Table structure for table `camere`
--

DROP TABLE IF EXISTS `camere`;
CREATE TABLE IF NOT EXISTS `camere` (
  `cod_camera` int NOT NULL AUTO_INCREMENT,
  `tip_camera` varchar(50) NOT NULL,
  `nr_camere` int NOT NULL,
  `nr_camere_disponibile` int NOT NULL,
  `caza_cod` int NOT NULL,
  `pret_camera` int NOT NULL,
  PRIMARY KEY (`cod_camera`),
  KEY `ca` (`caza_cod`)
) ENGINE=InnoDB AUTO_INCREMENT=383 DEFAULT CHARSET=utf8mb4 COLLATE=utf8mb4_0900_ai_ci;

--
-- Dumping data for table `camere`
--

INSERT INTO `camere` (`cod_camera`, `tip_camera`, `nr_camere`, `nr_camere_disponibile`, `caza_cod`, `pret_camera`) VALUES
(1, 'camera dubla', 2, 2, 55, 1),
(2, 'camera dubla', 2, 2, 95, 1),
(3, 'camera dubla', 2, 2, 35, 1),
(4, 'camera dubla', 2, 2, 115, 1),
(5, 'camera dubla', 2, 2, 65, 1),
(6, 'camera dubla', 2, 2, 9, 1),
(7, 'camera dubla', 2, 2, 75, 1),
(8, 'camera dubla', 2, 2, 105, 1),
(9, 'camera dubla', 2, 2, 45, 1),
(10, 'camera dubla', 2, 2, 85, 1),
(11, 'camera dubla', 2, 2, 135, 1),
(12, 'camera dubla', 2, 2, 125, 1),
(13, 'camera dubla', 2, 2, 145, 1),
(14, 'camera dubla', 3, 3, 55, 2),
(15, 'camera dubla', 3, 3, 95, 2),
(16, 'camera dubla', 3, 3, 35, 2),
(17, 'camera dubla', 3, 3, 115, 2),
(18, 'camera dubla', 3, 3, 65, 2),
(19, 'camera dubla', 3, 3, 9, 2),
(20, 'camera dubla', 3, 3, 75, 2),
(21, 'camera dubla', 3, 3, 105, 2),
(22, 'camera dubla', 3, 3, 45, 2),
(23, 'camera dubla', 3, 3, 85, 2),
(24, 'camera dubla', 3, 3, 135, 2),
(25, 'camera dubla', 3, 3, 125, 2),
(26, 'camera dubla', 3, 3, 145, 2),
(27, 'camera dubla', 4, 4, 55, 3),
(28, 'camera dubla', 4, 4, 95, 3),
(29, 'camera dubla', 4, 4, 35, 3),
(30, 'camera dubla', 4, 4, 115, 3),
(31, 'camera dubla', 4, 4, 65, 3),
(32, 'camera dubla', 4, 4, 9, 3),
(33, 'camera dubla', 4, 4, 75, 3),
(34, 'camera dubla', 4, 4, 105, 3),
(35, 'camera dubla', 4, 4, 45, 3),
(36, 'camera dubla', 4, 4, 85, 3),
(37, 'camera dubla', 4, 4, 135, 3),
(38, 'camera dubla', 4, 4, 125, 3),
(39, 'camera dubla', 4, 4, 145, 3),
(40, 'camera dubla', 5, 5, 77, 4),
(41, 'camera dubla', 5, 5, 6, 4),
(42, 'camera dubla', 5, 5, 11, 4),
(43, 'camera dubla', 5, 5, 87, 4),
(44, 'camera dubla', 5, 5, 28, 4),
(45, 'camera dubla', 5, 5, 47, 4),
(46, 'camera dubla', 5, 5, 67, 4),
(47, 'camera dubla', 5, 5, 20, 4),
(48, 'camera dubla', 5, 5, 57, 4),
(49, 'camera dubla', 5, 5, 107, 4),
(50, 'camera dubla', 5, 5, 24, 4),
(51, 'camera dubla', 5, 5, 117, 4),
(52, 'camera dubla', 5, 5, 37, 4),
(53, 'camera single', 5, 5, 77, 5),
(54, 'camera single ', 5, 5, 6, 5),
(55, 'camera single ', 5, 5, 11, 5),
(56, 'camera single ', 5, 5, 87, 5),
(57, 'camera single ', 5, 5, 28, 5),
(58, 'camera single ', 5, 5, 47, 5),
(59, 'camera single ', 5, 5, 67, 5),
(60, 'camera single ', 5, 5, 20, 5),
(61, 'camera single ', 5, 5, 57, 5),
(62, 'camera single ', 5, 5, 107, 5),
(63, 'camera single ', 5, 5, 24, 5),
(64, 'camera single ', 5, 5, 117, 5),
(65, 'camera single ', 5, 5, 37, 5),
(66, 'camera twin', 6, 6, 77, 5),
(67, 'camera twin', 6, 6, 6, 5),
(68, 'camera twin', 6, 6, 11, 5),
(69, 'camera twin', 6, 6, 87, 5),
(70, 'camera twin', 6, 6, 28, 5),
(71, 'camera twin', 6, 6, 47, 5),
(72, 'camera twin', 6, 6, 67, 5),
(73, 'camera twin', 6, 6, 20, 5),
(74, 'camera twin', 6, 6, 57, 5),
(75, 'camera twin', 6, 6, 107, 5),
(76, 'camera twin', 6, 6, 24, 5),
(77, 'camera twin', 6, 6, 117, 5),
(78, 'camera twin', 6, 6, 37, 5),
(79, 'camera dubla', 2, 2, 4, 6),
(80, 'camera dubla', 2, 2, 110, 6),
(81, 'camera dubla', 2, 2, 80, 6),
(82, 'camera dubla', 2, 2, 40, 6),
(83, 'camera dubla', 2, 2, 100, 6),
(84, 'camera dubla', 2, 2, 120, 6),
(85, 'camera dubla', 2, 2, 50, 6),
(86, 'camera twin', 2, 2, 4, 4),
(87, 'camera twin', 2, 2, 110, 4),
(88, 'camera twin', 2, 2, 80, 4),
(89, 'camera twin', 2, 2, 40, 4),
(90, 'camera twin', 2, 2, 100, 4),
(91, 'camera twin', 2, 2, 120, 4),
(92, 'camera twin', 2, 2, 50, 4),
(93, 'camera single', 1, 1, 4, 7),
(94, 'camera single ', 1, 1, 110, 7),
(95, 'camera single ', 1, 1, 80, 7),
(96, 'camera single ', 1, 1, 40, 7),
(97, 'camera single ', 1, 1, 100, 7),
(98, 'camera single ', 1, 1, 120, 7),
(99, 'camera single ', 1, 1, 50, 7),
(100, 'camera dubla', 200, 200, 10, 1),
(101, 'camera dubla', 200, 200, 101, 1),
(102, 'camera dubla', 200, 200, 141, 1),
(103, 'camera dubla', 200, 200, 22, 1),
(104, 'camera dubla', 200, 200, 30, 1),
(105, 'camera dubla', 200, 200, 26, 1),
(106, 'camera dubla', 200, 200, 81, 1),
(107, 'camera dubla', 200, 200, 41, 1),
(108, 'camera dubla', 200, 200, 91, 1),
(109, 'camera dubla', 200, 200, 111, 1),
(110, 'camera dubla', 200, 200, 121, 1),
(111, 'camera dubla', 200, 200, 18, 1),
(112, 'camera dubla', 200, 200, 51, 1),
(113, 'camera dubla', 200, 200, 131, 1),
(114, 'camera dubla', 200, 200, 71, 1),
(115, 'camera dubla', 200, 200, 31, 1),
(116, 'camera dubla', 200, 200, 14, 1),
(117, 'camera dubla', 200, 200, 151, 1),
(118, 'camera dubla', 200, 200, 61, 1),
(119, 'camera dubla', 200, 200, 130, 1),
(120, 'camera dubla', 200, 200, 150, 1),
(121, 'camera dubla', 200, 200, 140, 1),
(122, 'camera dubla', 200, 200, 160, 1),
(123, 'camera dubla', 200, 200, 149, 1),
(124, 'camera dubla', 200, 200, 139, 1),
(125, 'camera dubla', 200, 200, 129, 1),
(126, 'camera dubla', 200, 200, 159, 1),
(127, 'camera twin', 100, 100, 10, 8),
(128, 'camera twin', 100, 100, 101, 8),
(129, 'camera twin', 100, 100, 141, 8),
(130, 'camera twin', 100, 100, 22, 8),
(132, 'camera twin', 100, 100, 30, 8),
(133, 'camera twin', 100, 100, 26, 8),
(134, 'camera twin', 100, 100, 81, 8),
(135, 'camera twin', 100, 100, 41, 8),
(136, 'camera twin', 100, 100, 91, 8),
(137, 'camera twin', 100, 100, 111, 8),
(138, 'camera twin', 100, 100, 121, 8),
(139, 'camera twin', 100, 100, 18, 8),
(140, 'camera twin', 100, 100, 51, 8),
(141, 'camera twin', 100, 100, 131, 8),
(142, 'camera twin', 100, 100, 71, 8),
(143, 'camera twin', 100, 100, 31, 8),
(144, 'camera twin', 100, 100, 14, 8),
(145, 'camera twin', 100, 100, 151, 8),
(146, 'camera twin', 100, 100, 61, 8),
(147, 'camera twin', 100, 100, 130, 8),
(148, 'camera twin', 100, 100, 150, 8),
(149, 'camera twin', 100, 100, 140, 8),
(150, 'camera twin', 100, 100, 160, 8),
(151, 'camera twin', 100, 100, 149, 8),
(152, 'camera twin', 100, 100, 139, 8),
(153, 'camera twin', 100, 100, 129, 8),
(154, 'camera twin', 100, 100, 159, 8),
(160, 'camera single', 50, 50, 10, 7),
(161, 'camera single', 50, 50, 101, 7),
(162, 'camera single', 50, 50, 141, 7),
(163, 'camera single', 50, 50, 22, 7),
(164, 'camera single', 50, 50, 30, 7),
(165, 'camera single', 50, 50, 26, 7),
(166, 'camera single', 50, 50, 81, 7),
(167, 'camera single', 50, 50, 41, 7),
(168, 'camera single', 50, 50, 91, 7),
(169, 'camera single', 50, 50, 111, 7),
(170, 'camera single', 50, 50, 121, 7),
(171, 'camera single', 50, 50, 18, 7),
(172, 'camera single', 50, 50, 51, 7),
(173, 'camera single', 50, 50, 131, 7),
(174, 'camera single', 50, 50, 71, 7),
(175, 'camera single', 50, 50, 31, 7),
(176, 'camera single', 50, 50, 14, 7),
(177, 'camera single', 50, 50, 151, 7),
(178, 'camera single', 50, 50, 61, 7),
(179, 'camera single', 50, 50, 130, 7),
(180, 'camera single', 50, 50, 150, 7),
(181, 'camera single', 50, 50, 140, 7),
(182, 'camera single', 50, 50, 160, 7),
(183, 'camera single', 50, 50, 149, 7),
(184, 'camera single', 50, 50, 139, 7),
(185, 'camera single', 50, 50, 129, 7),
(186, 'camera single', 50, 50, 159, 7),
(187, 'camera suita', 25, 25, 10, 7),
(188, 'camera suita', 25, 25, 101, 4),
(189, 'camera suita', 25, 25, 141, 7),
(190, 'camera suita', 25, 25, 22, 7),
(191, 'camera suita', 25, 25, 30, 7),
(192, 'camera suita', 25, 25, 26, 7),
(193, 'camera suita', 25, 25, 81, 7),
(194, 'camera suita', 25, 25, 41, 7),
(195, 'camera suita', 25, 25, 91, 7),
(196, 'camera suita', 25, 25, 111, 7),
(197, 'camera suita', 25, 25, 121, 7),
(198, 'camera suita', 25, 25, 18, 7),
(199, 'camera suita', 25, 25, 51, 7),
(201, 'camera suita', 25, 25, 131, 7),
(202, 'camera suita', 25, 25, 71, 7),
(203, 'camera suita', 25, 25, 31, 7),
(204, 'camera suita', 25, 25, 14, 7),
(205, 'camera suita', 25, 25, 151, 7),
(206, 'camera suita', 25, 25, 61, 7),
(207, 'camera suita', 25, 25, 130, 7),
(208, 'camera suita', 25, 25, 150, 7),
(209, 'camera suita', 25, 25, 140, 7),
(210, 'camera suita', 25, 25, 160, 7),
(211, 'camera suita', 25, 25, 149, 7),
(212, 'camera suita', 25, 25, 139, 7),
(213, 'camera suita', 25, 25, 129, 7),
(214, 'camera suita', 25, 25, 159, 7),
(215, 'camera dubla', 4, 4, 8, 7),
(216, 'camera dubla', 4, 4, 126, 7),
(217, 'camera dubla', 4, 4, 146, 7),
(218, 'camera dubla', 4, 4, 156, 7),
(219, 'camera dubla', 4, 4, 136, 7),
(220, 'camera single', 50, 50, 8, 9),
(221, 'camera single', 50, 50, 126, 9),
(222, 'camera single', 50, 50, 146, 9),
(223, 'camera single', 50, 50, 156, 9),
(224, 'camera single', 50, 50, 136, 9),
(225, 'camera twin', 150, 150, 8, 8),
(226, 'camera dubla', 150, 150, 126, 8),
(227, 'camera dubla', 150, 150, 146, 8),
(228, 'camera dubla', 150, 150, 156, 8),
(229, 'camera dubla', 150, 150, 136, 8),
(230, 'camera twin', 100, 100, 56, 5),
(231, 'camera twin', 100, 100, 96, 5),
(232, 'camera twin', 100, 100, 116, 5),
(233, 'camera twin', 100, 100, 36, 5),
(234, 'camera twin', 100, 100, 106, 5),
(235, 'camera twin', 100, 100, 66, 5),
(236, 'camera twin', 100, 100, 46, 5),
(237, 'camera twin', 100, 100, 86, 5),
(238, 'camera twin', 100, 100, 76, 5),
(239, 'camera dubla', 150, 150, 56, 7),
(240, 'camera dubla', 150, 150, 96, 7),
(241, 'camera dubla', 150, 150, 116, 7),
(242, 'camera dubla', 150, 150, 36, 7),
(243, 'camera dubla', 150, 150, 106, 7),
(244, 'camera dubla', 150, 150, 66, 7),
(245, 'camera dubla', 150, 150, 46, 7),
(246, 'camera dubla', 150, 150, 86, 7),
(247, 'camera dubla', 150, 150, 76, 7),
(248, 'camera dubla', 50, 50, 99, 8),
(249, 'camera dubla', 50, 50, 109, 8),
(250, 'camera dubla', 50, 50, 154, 8),
(251, 'camera dubla', 50, 50, 39, 8),
(252, 'camera dubla', 50, 50, 7, 8),
(253, 'camera dubla', 50, 50, 59, 8),
(254, 'camera dubla', 50, 50, 79, 8),
(255, 'camera dubla', 50, 50, 69, 8),
(256, 'camera dubla', 50, 50, 144, 8),
(257, 'camera dubla', 50, 50, 124, 8),
(258, 'camera dubla', 50, 50, 134, 8),
(259, 'camera dubla', 50, 50, 49, 8),
(260, 'camera dubla', 50, 50, 119, 8),
(261, 'camera dubla', 50, 50, 89, 8),
(262, 'camera single', 7, 7, 99, 9),
(263, 'camera single', 7, 7, 109, 9),
(264, 'camera single', 7, 7, 154, 9),
(265, 'camera single', 7, 7, 39, 9),
(266, 'camera single', 7, 7, 7, 9),
(267, 'camera single', 7, 7, 59, 9),
(268, 'camera single', 7, 7, 79, 9),
(269, 'camera single', 7, 7, 69, 9),
(270, 'camera single', 7, 7, 144, 9),
(271, 'camera single', 7, 7, 124, 9),
(272, 'camera single', 7, 7, 134, 9),
(273, 'camera single', 7, 7, 49, 9),
(274, 'camera single', 7, 7, 119, 9),
(275, 'camera single', 7, 7, 89, 9),
(276, 'camera dubla', 4, 4, 92, 6),
(277, 'camera dubla', 4, 4, 138, 6),
(278, 'camera dubla', 4, 4, 1, 6),
(279, 'camera dubla', 4, 4, 62, 6),
(280, 'camera dubla', 4, 4, 142, 6),
(281, 'camera dubla', 4, 4, 148, 6),
(282, 'camera dubla', 4, 4, 19, 6),
(283, 'camera dubla', 4, 4, 52, 6),
(284, 'camera dubla', 4, 4, 102, 6),
(285, 'camera dubla', 4, 4, 72, 6),
(286, 'camera dubla', 4, 4, 158, 6),
(287, 'camera dubla', 4, 4, 152, 6),
(288, 'camera dubla', 4, 4, 112, 6),
(289, 'camera dubla', 4, 4, 32, 6),
(290, 'camera dubla', 4, 4, 27, 6),
(291, 'camera dubla', 4, 4, 122, 6),
(292, 'camera dubla', 4, 4, 23, 6),
(293, 'camera dubla', 4, 4, 42, 6),
(294, 'camera dubla', 4, 4, 128, 6),
(295, 'camera dubla', 4, 4, 82, 6),
(296, 'camera dubla', 4, 4, 15, 6),
(297, 'camera dubla', 4, 4, 132, 6),
(298, 'camera dubla', 4, 4, 12, 6),
(299, 'camera single', 7, 7, 92, 7),
(300, 'camera single', 7, 7, 138, 7),
(301, 'camera single', 7, 7, 1, 7),
(302, 'camera single', 7, 7, 62, 7),
(303, 'camera single', 7, 7, 142, 7),
(304, 'camera single', 7, 7, 148, 7),
(305, 'camera single', 7, 7, 19, 7),
(306, 'camera single', 7, 7, 52, 7),
(307, 'camera single', 7, 7, 102, 7),
(308, 'camera single', 7, 7, 72, 7),
(309, 'camera single', 7, 7, 158, 7),
(310, 'camera single', 7, 7, 152, 7),
(311, 'camera single', 7, 7, 112, 7),
(312, 'camera single', 7, 7, 32, 7),
(313, 'camera single', 7, 7, 27, 7),
(314, 'camera single', 7, 7, 122, 7),
(315, 'camera single', 7, 7, 23, 7),
(316, 'camera single', 7, 7, 42, 7),
(317, 'camera single', 7, 7, 128, 7),
(318, 'camera single', 7, 7, 82, 7),
(319, 'camera single', 7, 7, 15, 7),
(320, 'camera single', 7, 7, 132, 7),
(321, 'camera single', 7, 7, 12, 7),
(322, 'camera suita', 2, 2, 92, 2),
(323, 'camera suita', 2, 2, 138, 2),
(324, 'camera suita', 2, 2, 1, 2),
(325, 'camera suita', 2, 2, 62, 2),
(326, 'camera suita', 2, 2, 142, 2),
(327, 'camera suita', 2, 2, 148, 2),
(328, 'camera suita', 2, 2, 19, 2),
(329, 'camera suita', 2, 2, 52, 2),
(330, 'camera suita', 2, 2, 102, 2),
(331, 'camera suita', 2, 2, 72, 2),
(332, 'camera suita', 2, 2, 158, 2),
(333, 'camera suita', 2, 2, 152, 2),
(334, 'camera suita', 2, 2, 112, 2),
(335, 'camera suita', 2, 2, 32, 2),
(336, 'camera suita', 2, 2, 27, 2),
(337, 'camera suita', 2, 2, 122, 2),
(338, 'camera suita', 2, 2, 23, 2),
(339, 'camera suita', 2, 2, 42, 2),
(340, 'camera suita', 2, 2, 128, 2),
(341, 'camera suita', 2, 2, 82, 2),
(342, 'camera suita', 2, 2, 15, 2),
(343, 'camera suita', 2, 2, 132, 2),
(344, 'camera suita', 2, 2, 12, 2),
(345, 'camera dubla', 10, 10, 93, 2),
(346, 'camera dubla', 11, 11, 63, 2),
(347, 'camera dubla', 10, 10, 53, 2),
(348, 'camera dubla', 10, 10, 21, 2),
(349, 'camera dubla', 10, 10, 103, 2),
(350, 'camera dubla', 10, 10, 43, 2),
(351, 'camera dubla', 10, 10, 133, 2),
(352, 'camera dubla', 10, 10, 25, 2),
(353, 'camera dubla', 10, 10, 5, 2),
(354, 'camera dubla', 10, 10, 143, 2),
(355, 'camera dubla', 10, 10, 33, 2),
(356, 'camera dubla', 10, 10, 17, 2),
(357, 'camera dubla', 10, 10, 83, 2),
(358, 'camera dubla', 10, 10, 13, 2),
(359, 'camera dubla', 10, 10, 113, 2),
(360, 'camera dubla', 10, 10, 29, 2),
(361, 'camera dubla', 10, 10, 73, 2),
(362, 'camera dubla', 10, 10, 123, 2),
(363, 'camera dubla', 10, 10, 153, 2),
(364, 'camera single', 3, 3, 93, 7),
(365, 'camera single', 3, 3, 63, 7),
(366, 'camera single', 3, 3, 53, 7),
(367, 'camera single', 3, 3, 21, 7),
(368, 'camera single', 3, 3, 103, 7),
(369, 'camera single', 3, 3, 43, 7),
(370, 'camera single', 3, 3, 133, 7),
(371, 'camera single', 3, 3, 25, 7),
(372, 'camera single', 3, 3, 5, 7),
(373, 'camera single', 3, 3, 143, 7),
(374, 'camera single', 3, 3, 33, 7),
(375, 'camera single', 3, 3, 17, 7),
(376, 'camera single', 3, 3, 83, 7),
(377, 'camera single', 3, 3, 13, 7),
(378, 'camera single', 3, 3, 113, 7),
(379, 'camera single', 3, 3, 29, 7),
(380, 'camera single', 3, 3, 73, 7),
(381, 'camera single', 3, 3, 123, 7),
(382, 'camera single', 3, 3, 153, 7);

-- --------------------------------------------------------

--
-- Table structure for table `cazari`
--

DROP TABLE IF EXISTS `cazari`;
CREATE TABLE IF NOT EXISTS `cazari` (
  `id_cazare` int NOT NULL AUTO_INCREMENT,
  `denumire_cazare` varchar(100) NOT NULL,
  `tip_cazare` varchar(50) NOT NULL,
  `adresa_cazare` int NOT NULL,
  `id_contact` int NOT NULL,
  PRIMARY KEY (`id_cazare`),
  KEY `adresa_caza` (`adresa_cazare`),
  KEY `id_cont` (`id_contact`)
) ENGINE=InnoDB AUTO_INCREMENT=322 DEFAULT CHARSET=utf8mb4 COLLATE=utf8mb4_0900_ai_ci;

--
-- Dumping data for table `cazari`
--

INSERT INTO `cazari` (`id_cazare`, `denumire_cazare`, `tip_cazare`, `adresa_cazare`, `id_contact`) VALUES
(1, 'Pensiunea Valea Verde', 'Pensiune', 318, 1),
(2, 'Chalet Mont Blanc', 'Cabana', 319, 2),
(3, 'Resort Vila Sofia', 'Resort', 320, 3),
(4, 'Casa Noastra Holiday', 'Casa de vacanta', 321, 4),
(5, 'Vila Bucurie', 'Vila', 322, 5),
(6, 'Cabana Rusticul', 'Cabana', 323, 6),
(7, 'Motel Muntenia', 'Motel', 324, 7),
(8, 'Hostel Soimul', 'Hostel', 325, 8),
(9, 'Apartament Central', 'Apartament', 326, 9),
(10, 'La Sfoara', 'Hotel', 10, 10),
(11, 'Cabana Alpina', 'Cabana', 327, 11),
(12, 'Pensiunea Casa Alba', 'Pensiune', 328, 12),
(13, 'Vila Alpine', 'Vila', 329, 13),
(14, 'Hotel Kronstadt', 'Hotel', 330, 14),
(15, 'Pensiunea Cetate', 'Pensiune', 331, 15),
(16, 'Cabana Verde', 'Cabana', 332, 16),
(17, 'Vila Regala', 'Vila', 333, 17),
(18, 'Hotel Brasovia', 'Hotel', 334, 18),
(19, 'Pensiunea Cochet', 'Pensiune', 335, 19),
(20, 'Cabana Padurea Albastra', 'Cabana', 336, 20),
(21, 'Vila Bella Vista', 'Vila', 337, 21),
(22, 'Hotel Transylvania', 'Hotel', 338, 22),
(23, 'Pensiunea Visul Meu', 'Pensiune', 339, 23),
(24, 'Cabana Cristian', 'Cabana', 340, 24),
(25, 'Vila Aurora', 'Vila', 341, 25),
(26, 'Hotel Bran Castle', 'Hotel', 342, 26),
(27, 'Pensiunea Verde Imparat', 'Pensiune', 343, 27),
(28, 'Cabana Rasnovului', 'Cabana', 344, 28),
(29, 'Vila Soarelui', 'Vila', 345, 29),
(30, 'Hotel Schei', 'Hotel', 346, 30),
(31, 'Hotel Splendid', 'Hotel', 347, 31),
(32, 'Pensiunea Soarelui', 'Pensiune', 348, 32),
(33, 'Vila Maritima', 'Vila', 349, 33),
(34, 'Campingul Dunarii', 'Camping', 350, 34),
(35, 'Apartamentele Marea Neagra', 'Apartament', 351, 35),
(36, 'Complexul Turistic Delta', 'Complex turistic', 352, 36),
(37, 'Cabana Padurea Verde', 'Cabana', 353, 37),
(38, 'Resortul Paradisul Mare', 'Resort', 354, 38),
(39, 'Motelul Drumul Litoral', 'Motel', 355, 39),
(40, 'Casa de Vacanta Sfanta Maria', 'Casa de vacanta', 356, 40),
(41, 'Hotel Alba', 'Hotel', 357, 41),
(42, 'Pensiunea Făgăraș', 'Pensiune', 358, 42),
(43, 'Vila Carpati', 'Vila', 359, 43),
(44, 'Campingul Apuseni', 'Camping', 360, 44),
(45, 'Apartamentele Transilvania', 'Apartament', 361, 45),
(46, 'Complexul Turistic Piatra Craiului', 'Complex turistic', 362, 46),
(47, 'Cabana Retezat', 'Cabana', 363, 47),
(48, 'Resortul Cetatea de Baltă', 'Resort', 364, 48),
(49, 'Motelul Apus De Soare', 'Motel', 365, 49),
(50, 'Casa de Vacanță Râul Mare', 'Casa de vacanta', 366, 50),
(51, 'Hotel Mureșul', 'Hotel', 367, 51),
(52, 'Pensiunea Târgu Mureș', 'Pensiune', 368, 52),
(53, 'Vila Bistrița', 'Vila', 369, 53),
(54, 'Campingul Mureșului', 'Camping', 370, 54),
(55, 'Apartamentele Soarelui', 'Apartament', 371, 55),
(56, 'Complexul Turistic Cetatea Calistrat', 'Complex turistic', 372, 56),
(57, 'Cabana Muntele Rece', 'Cabana', 373, 57),
(58, 'Resortul Izvorul Mureșului', 'Resort', 374, 58),
(59, 'Motelul Piatra Lăptoasă', 'Motel', 375, 59),
(60, 'Casa de Vacanță Târgu Neamț', 'Casa de vacanta', 376, 60),
(61, 'Hotel Arad', 'Hotel', 377, 61),
(62, 'Pensiunea Arcașului', 'Pensiune', 378, 62),
(63, 'Vila Vinga', 'Vila', 379, 63),
(64, 'Campingul Timișului', 'Camping', 380, 64),
(65, 'Apartamentele Vestului', 'Apartament', 381, 65),
(66, 'Complexul Turistic Masivi Arădeni', 'Complex turistic', 382, 66),
(67, 'Cabana Munții Metaliferi', 'Cabana', 383, 67),
(68, 'Resortul Nera', 'Resort', 384, 68),
(69, 'Motelul Lunca Mureșului', 'Motel', 385, 69),
(70, 'Casa de Vacanță Lipova', 'Casa de vacanta', 386, 70),
(71, 'Hotel Neamțul', 'Hotel', 387, 71),
(72, 'Pensiunea Târgu Neamț', 'Pensiune', 388, 72),
(73, 'Vila Bicaz', 'Vila', 389, 73),
(74, 'Campingul Ceahlău', 'Camping', 390, 74),
(75, 'Apartamentele Neamțului', 'Apartament', 391, 75),
(76, 'Complexul Turistic Bucovina', 'Complex turistic', 392, 76),
(77, 'Cabana Muntele Tarcău', 'Cabana', 393, 77),
(78, 'Resortul Bistrița', 'Resort', 394, 78),
(79, 'Motelul România', 'Motel', 395, 79),
(80, 'Casa de Vacanță Măgura', 'Casa de vacanta', 396, 80),
(81, 'Hotel Arges', 'Hotel', 397, 81),
(82, 'Pensiunea Pitesti', 'Pensiune', 398, 82),
(83, 'Vila Topoloveni', 'Vila', 399, 83),
(84, 'Campingul Campulung', 'Camping', 400, 84),
(85, 'Apartamentele Curtea de Arges', 'Apartament', 401, 85),
(86, 'Complexul Turistic Vidraru', 'Complex turistic', 402, 86),
(87, 'Cabana Fagaras', 'Cabana', 403, 87),
(88, 'Resort Bascov', 'Resort', 404, 88),
(89, 'Motel Costesti', 'Motel', 405, 89),
(90, 'Casa de Vacanta Cateasca', 'Casa de vacanta', 406, 90),
(91, 'Hotel Targoviste', 'Hotel', 406, 91),
(92, 'Pensiunea Pucioasa', 'Pensiune', 407, 92),
(93, 'Vila Moreni', 'Vila', 408, 93),
(94, 'Campingul Gaesti', 'Camping', 409, 94),
(95, 'Apartamentele Titu', 'Apartament', 410, 95),
(96, 'Complexul Turistic Ialomita', 'Complex turistic', 411, 96),
(97, 'Cabana Moreni', 'Cabana', 412, 97),
(98, 'Resort Targoviste', 'Resort', 413, 98),
(99, 'Motel Fieni', 'Motel', 414, 99),
(100, 'Casa de Vacanta Rau Alb', 'Casa de vacanta', 415, 100),
(101, 'Hotel Suceava', 'Hotel', 417, 101),
(102, 'Pensiunea Câmpulung Moldovenesc', 'Pensiune', 418, 102),
(103, 'Vila Fălticeni', 'Vila', 419, 103),
(104, 'Campingul Gura Humorului', 'Camping', 420, 104),
(105, 'Apartamentele Rădăuți', 'Apartament', 421, 105),
(106, 'Complexul Turistic Vatra Dornei', 'Complex turistic', 422, 106),
(107, 'Cabana Cacica', 'Cabana', 423, 107),
(108, 'Resort Câmpulung Moldovenesc', 'Resort', 424, 108),
(109, 'Motel Fălticeni', 'Motel', 425, 109),
(110, 'Casa de Vacanță Mănăstirea Humorului', 'Casa de vacanta', 426, 110),
(111, 'Hotel București', 'Hotel', 427, 111),
(112, 'Pensiunea Sector 1', 'Pensiune', 428, 112),
(113, 'Vila Sector 2', 'Vila', 429, 113),
(114, 'Campingul Sector 3', 'Camping', 430, 114),
(115, 'Apartamentele Sector 4', 'Apartament', 431, 115),
(116, 'Complexul Turistic Sector 5', 'Complex turistic', 432, 116),
(117, 'Cabana Sector 6', 'Cabana', 433, 117),
(118, 'Resort Sector 6', 'Resort', 434, 118),
(119, 'Motel Sector 5', 'Motel', 435, 119),
(120, 'Casa de Vacanță Sector 4', 'Casa de vacanta', 436, 120),
(121, 'Hotel Botoșani', 'Hotel', 447, 121),
(122, 'Pensiunea Botoșani', 'Pensiune', 448, 122),
(123, 'Vila Botoșani', 'Vila', 449, 123),
(124, 'Motel Botoșani', 'Motel', 450, 124),
(125, 'Aparthotel Botoșani', 'Aparthotel', 451, 125),
(126, 'Hostel Botoșani', 'Hostel', 452, 126),
(127, 'Camping Botoșani', 'Camping', 453, 127),
(128, 'Pensionat Botoșani', 'Pensiune', 454, 128),
(129, 'Hotel de lux Botoșani', 'hotel de lux', 455, 129),
(130, 'Hotel budget Botoșani', 'hotel budget', 456, 130),
(131, 'Hotel Iași', 'Hotel', 481, 131),
(132, 'Pensiunea Iași', 'Pensiune', 482, 132),
(133, 'Vila Iași', 'Vila', 483, 133),
(134, 'Motel Iași', 'Motel', 484, 134),
(135, 'Aparthotel Iași', 'Aparthotel', 485, 135),
(136, 'Hostel Iași', 'Hostel', 69, 136),
(137, 'Camping Iași', 'Camping', 69, 137),
(138, 'Pensionat Iași', 'Pensiune', 69, 138),
(139, 'Hotel de lux Iași', 'hotel de lux', 481, 139),
(140, 'Hotel budget Iași', 'hotel budget', 482, 140),
(141, 'Hotel Maramureș', 'Hotel', 486, 141),
(142, 'Pensiunea Maramureș', 'Pensiune', 487, 142),
(143, 'Vila Maramureș', 'Vila', 488, 143),
(144, 'Motel Maramureș', 'Motel', 489, 144),
(145, 'Aparthotel Maramureș', 'Aparthotel', 490, 145),
(146, 'Hostel Maramureș', 'Hostel', 491, 146),
(147, 'Camping Maramureș', 'Camping', 492, 147),
(148, 'Pensionat Maramureș', 'Pensiune', 493, 148),
(149, 'Hotel de lux Maramureș', 'hotel de lux', 494, 149),
(150, 'Hotel budget Maramureș', 'hotel budget', 97, 150),
(151, 'Hotel Tulcea', 'Hotel', 495, 151),
(152, 'Pensiunea Tulcea', 'Pensiune', 496, 152),
(153, 'Vila Tulcea', 'Vila', 497, 153),
(154, 'Motel Tulcea', 'Motel', 498, 154),
(155, 'Aparthotel Tulcea', 'Aparthotel', 499, 155),
(156, 'Hostel Tulcea', 'Hostel', 500, 156),
(157, 'Camping Tulcea', 'Camping', 501, 157),
(158, 'Pensionat Tulcea', 'Pensiune', 502, 158),
(159, 'Hotel de lux Tulcea', 'hotel de lux', 503, 159),
(160, 'Hotel budget Tulcea', 'hotel budget', 504, 160);

-- --------------------------------------------------------

--
-- Table structure for table `comentarii`
--

DROP TABLE IF EXISTS `comentarii`;
CREATE TABLE IF NOT EXISTS `comentarii` (
  `id_come` int NOT NULL AUTO_INCREMENT,
  `comentariu` varchar(256) NOT NULL,
  `util` int NOT NULL,
  `data_postare` date NOT NULL,
  PRIMARY KEY (`id_come`),
  KEY `util` (`util`)
) ENGINE=InnoDB AUTO_INCREMENT=36 DEFAULT CHARSET=utf8mb4 COLLATE=utf8mb4_0900_ai_ci;

--
-- Dumping data for table `comentarii`
--

INSERT INTO `comentarii` (`id_come`, `comentariu`, `util`, `data_postare`) VALUES
(1, 'Este super destinatia!', 23, '2024-06-30'),
(2, 'As dori sa ma duc mai des in Brasov !', 13, '2024-06-28'),
(32, 'Am fost in Dobrogea, un spectacol al naturii gasesti in Delta Dunarii. ', 23, '2024-06-30'),
(33, 'Este foarte frumos la Resturantul Toscana va recomand!', 23, '2024-06-30');

-- --------------------------------------------------------

--
-- Table structure for table `contacte`
--

DROP TABLE IF EXISTS `contacte`;
CREATE TABLE IF NOT EXISTS `contacte` (
  `id_contact` int NOT NULL AUTO_INCREMENT,
  `telefon` varchar(50) NOT NULL,
  `email` varchar(50) NOT NULL,
  `website` varchar(50) NOT NULL,
  PRIMARY KEY (`id_contact`)
) ENGINE=InnoDB AUTO_INCREMENT=338 DEFAULT CHARSET=utf8mb4 COLLATE=utf8mb4_0900_ai_ci;

--
-- Dumping data for table `contacte`
--

INSERT INTO `contacte` (`id_contact`, `telefon`, `email`, `website`) VALUES
(1, '0755 987 654', 'pensiuneavaleaverde@example.com', 'www.pensiuneavaleaverde.ro'),
(2, '0722 345 678', 'chaletmontblanc@example.com', 'www.chaletmontblanc.ro'),
(3, '0741 876 543', 'villasofia@example.com', 'www.villasofia.ro'),
(4, '0737 543 210', 'casanoastraholiday@example.com', 'www.casanoastraholiday.ro'),
(5, '0766 321 987', 'vilabucurie@example.com', 'www.vilabucurie.ro'),
(6, '0757 654 321', 'cabanarusticul@example.com', 'www.cabanarusticul.ro'),
(7, '0748 135 792', 'motelmuntenia@example.com', 'www.motelmuntenia.ro'),
(8, '0768 246 801', 'hostelsoimul@example.com', 'www.hostelsoimul.ro'),
(9, '0728 503 194', 'apartamentcentral@example.com', 'www.apartamentcentral.ro'),
(10, '0256 123 456', 'contact@cabanaalpina.ro', 'www.cabanaalpina.ro'),
(11, '0331 987 654', 'contact@pensiuneacasaalba.ro', 'www.pensiuneacasaalba.ro'),
(12, '0268 543 210', 'contact@vilaalpine.ro', 'www.vilaalpine.ro'),
(13, '0274 111 222', 'contact@hotelkronstadt.ro', 'www.hotelkronstadt.ro'),
(14, '0355 333 444', 'contact@pensiuneacetate.ro', 'www.pensiuneacetate.ro'),
(15, '0241 876 543', 'contact@cabanaverde.ro', 'www.cabanaverde.ro'),
(16, '0221 543 987', 'contact@vilaregala.ro', 'www.vilaregala.ro'),
(17, '0341 654 321', 'contact@hotelbrasovia.ro', 'www.hotelbrasovia.ro'),
(18, '0298 234 567', 'contact@pensiunecochet.ro', 'www.pensiunecochet.ro'),
(19, '0333 345 678', 'contact@cabanapadureaalbastra.ro', 'www.cabanapadureaalbastra.ro'),
(20, '0277 567 890', 'contact@vilabellavista.ro', 'www.vilabellavista.ro'),
(21, '0223 876 543', 'contact@hoteltransylvania.ro', 'www.hoteltransylvania.ro'),
(22, '0211 345 678', 'contact@pensiuneavisulmeu.ro', 'www.pensiuneavisulmeu.ro'),
(23, '0356 123 456', 'contact@cabanacristian.ro', 'www.cabanacristian.ro'),
(24, '0312 654 987', 'contact@vilaurora.ro', 'www.vilaurora.ro'),
(25, '0289 789 123', 'contact@hotelbrancastle.ro', 'www.hotelbrancastle.ro'),
(26, '0267 222 333', 'contact@pensiuneaverdeimparat.ro', 'www.pensiuneaverdeimparat.ro'),
(27, '0344 555 666', 'contact@cabanarasnovului.ro', 'www.cabanarasnovului.ro'),
(28, '0301 666 777', 'contact@vilasoarelui.ro', 'www.vilasoarelui.ro'),
(29, '0242 888 999', 'contact@hotelschei.ro', 'www.hotelschei.ro'),
(30, '0722123456', 'office@hotelsplendid.com', 'www.hotelsplendid.com'),
(31, '0733123456', 'contact@pensiuneasoarelui.com', 'www.pensiuneasoarelui.com'),
(32, '0744123456', 'contact@vilamaritima.com', 'www.vilamaritima.com'),
(33, '0755123456', 'info@campinguldunarii.com', 'www.campinguldunarii.com'),
(34, '0766123456', 'reservations@apartamentelemareaneagra.com', 'www.apartamentelemareaneagra.com'),
(35, '0777123456', 'hello@complexuldeltaturistic.com', 'www.complexuldeltaturistic.com'),
(36, '0788123456', 'info@cabanapadureaverde.com', 'www.cabanapadureaverde.com'),
(37, '0799123456', 'contact@resortulparadisulmare.com', 'www.resortulparadisulmare.com'),
(38, '0710123456', 'info@MotelulDrumulLitoral.com', 'www.moteluldrumullitoral.com'),
(39, '0735123456', 'contact@casadevacantasfantamaria.com', 'www.casadevacantasfantamaria.com'),
(40, '0722123456', 'contact@hotelalba.ro', 'www.hotelalba.ro'),
(41, '0733123456', 'contact@pensiuneafagaras.ro', 'www.pensiuneafagaras.ro'),
(42, '0744123456', 'contact@vilacarpati.ro', 'www.vilacarpati.ro'),
(43, '0755123456', 'contact@campingapuseni.ro', 'www.campingapuseni.ro'),
(44, '0766123456', 'contact@apartamentetransilvania.ro', 'www.apartamentetransilvania.ro'),
(45, '0777123456', 'contact@complexturisticpiatracraiului.ro', 'www.complexturisticpiatracraiului.ro'),
(46, '0788123456', 'contact@cabanaretezat.ro', 'www.cabanaretezat.ro'),
(47, '0799123456', 'contact@resortulcetateadebalta.ro', 'www.resortulcetateadebalta.ro'),
(48, '0710123456', 'contact@motelapusdesoare.ro', 'www.motelapusdesoare.ro'),
(49, '0735123456', 'contact@casavacantaraulmare.ro', 'www.casavacantaraulmare.ro'),
(50, '0722123457', 'contact@hotelmuresul.ro', 'www.hotelmuresul.ro'),
(51, '0733123457', 'contact@pensiuneatargumures.ro', 'www.pensiuneatargumures.ro'),
(52, '0744123457', 'contact@vilabistrita.ro', 'www.vilabistrita.ro'),
(53, '0755123457', 'contact@campingmures.ro', 'www.campingmures.ro'),
(54, '0766123457', 'contact@apartamentesoarelui.ro', 'www.apartamentesoarelui.ro'),
(55, '0777123457', 'contact@complexturisticcetateacalistrat.ro', 'www.complexturisticcetateacalistrat.ro'),
(56, '0788123457', 'contact@cabanamunterece.ro', 'www.cabanamunterece.ro'),
(57, '0799123457', 'contact@resortulizvorulmuresului.ro', 'www.resortulizvorulmuresului.ro'),
(58, '0710123457', 'contact@motelulpiatralaptoasa.ro', 'www.motelulpiatralaptoasa.ro'),
(59, '0735123457', 'contact@casavacantatarguneamt.ro', 'www.casavacantatarguneamt.ro'),
(60, '0722123458', 'contact@hotelarad.ro', 'www.hotelarad.ro'),
(61, '0733123458', 'contact@pensiunearcasului.ro', 'www.pensiunearcasului.ro'),
(62, '0744123458', 'contact@vilavinga.ro', 'www.vilavinga.ro'),
(63, '0755123458', 'contact@campingtimis.ro', 'www.campingtimis.ro'),
(64, '0766123458', 'contact@apartamentelevestului.ro', 'www.apartamentelevestului.ro'),
(65, '0777123458', 'contact@complexturisticmasiviaradeni.ro', 'www.complexturisticmasiviaradeni.ro'),
(66, '0788123458', 'contact@cabanamuntiimetaliferi.ro', 'www.cabanamuntiimetaliferi.ro'),
(67, '0799123458', 'contact@resortulnera.ro', 'www.resortulnera.ro'),
(68, '0710123458', 'contact@motelulluncamuresului.ro', 'www.motelulluncamuresului.ro'),
(69, '0735123458', 'contact@casavacantalipova.ro', 'www.casavacantalipova.ro'),
(70, '0722123459', 'contact@hotelneamtul.ro', 'www.hotelneamtul.ro'),
(71, '0733123459', 'contact@pensiuneatarguneamt.ro', 'www.pensiuneatarguneamt.ro'),
(72, '0744123459', 'contact@vilabicaz.ro', 'www.vilabicaz.ro'),
(73, '0755123459', 'contact@campingceahlau.ro', 'www.campingceahlau.ro'),
(74, '0766123459', 'contact@apartamenteneamtului.ro', 'www.apartamenteneamtului.ro'),
(75, '0777123459', 'contact@complexturisticbucovina.ro', 'www.complexturisticbucovina.ro'),
(76, '0788123459', 'contact@cabana-muntelentarcau.ro', 'www.cabana-muntelentarcau.ro'),
(77, '0799123459', 'contact@resortulbistrita.ro', 'www.resortulbistrita.ro'),
(78, '0710123459', 'contact@motelromania.ro', 'www.motelromania.ro'),
(79, '0735123459', 'contact@casavacantamagura.ro', 'www.casavacantamagura.ro'),
(80, '0720123456', 'hotelarges@gmail.com', 'www.hotelarges.ro'),
(81, '0721567890', 'pensiuneapitesti@yahoo.com', 'www.pensiuneapitesti.ro'),
(82, '0722345678', 'vilotopoloveni@gmail.com', 'www.vilotopoloveni.ro'),
(83, '0734567890', 'contact@campingcampulung.ro', 'www.campingcampulung.ro'),
(84, '0734789123', 'contact@apartamentelecurteadearges.ro', 'www.apartamentelecurteadearges.ro'),
(85, '0734890123', 'contact@complexvidraru.ro', 'www.complexvidraru.ro'),
(86, '0734901234', 'cabana_fagaras@yahoo.com', 'www.cabana-fagaras.ro'),
(87, '0734123456', 'resortbascov@gmail.com', 'www.resortbascov.ro'),
(88, '0734234567', 'motelcostesti@gmail.com', 'www.motelcostesti.ro'),
(89, '0734345678', 'contact@casavacantacateasca.ro', 'www.casavacantacateasca.ro'),
(90, '0734456789', 'hoteltargoviste@gmail.com', 'www.hoteltargoviste.ro'),
(91, '0734567890', 'pensiuneapucioasa@yahoo.com', 'www.pensiuneapucioasa.ro'),
(92, '0734678901', 'vilamoreni@gmail.com', 'www.vilamoreni.ro'),
(93, '0734789012', 'contact@campinggaesti.ro', 'www.campinggaesti.ro'),
(94, '0734901234', 'contact@apartamenteletitu.ro', 'www.apartamenteletitu.ro'),
(95, '0734123456', 'contact@complexialomita.ro', 'www.complexialomita.ro'),
(96, '0734234567', 'cabamoreni@yahoo.com', 'www.cabamoreni.ro'),
(97, '0734345678', 'resorttargoviste@gmail.com', 'www.resorttargoviste.ro'),
(98, '0734456789', 'motelfieni@gmail.com', 'www.motelfieni.ro'),
(99, '0734567890', 'contact@casavacantralb.ro', 'www.casavacantralb.ro'),
(100, '0234512345', 'contact@hotelsuceava.ro', 'www.hotelsuceava.ro'),
(101, '0333444555', 'contact@pensiuneacampulung.ro', 'www.pensiuneacampulung.ro'),
(102, '0222111222', 'contact@vilafalticeni.ro', 'www.vilafalticeni.ro'),
(103, '0344555666', 'contact@campinguragura.ro', 'www.campinguragura.ro'),
(104, '0212345678', 'contact@apartamenteradauti.ro', 'www.apartamenteradauti.ro'),
(105, '0366777888', 'contact@complexvatra.ro', 'www.complexvatra.ro'),
(106, '0288899000', 'cabana.cacica@gmail.com', 'www.cabana-cacica.ro'),
(107, '0388999111', 'contact@resortcampulung.ro', 'www.resortcampulung.ro'),
(108, '0233445566', 'motel.falticeni@yahoo.com', 'www.motel-falticeni.ro'),
(109, '0311112222', 'contact@casamanastirea.ro', 'www.casamanastirea.ro'),
(110, '0721 654 321', 'booking@hotelcentral.ro', 'www.hotelcentral.ro'),
(111, '0722 123 456', 'contact@pensiuneacentrala.ro', 'www.pensiuneacentrala.ro'),
(112, '0733 777 888', 'info@vilacentrala.ro', 'www.vilacentrala.ro'),
(113, '0744 222 111', 'reservations@campingcentral.ro', 'www.campingcentral.ro'),
(114, '0755 999 888', 'booking@apartamentecentrulvechi.ro', 'www.apartamentecentrulvechi.ro'),
(115, '0766 555 444', 'contact@complexturisticcentru.ro', 'www.complexturisticcentru.ro'),
(116, '0777 123 456', 'reservations@cabanacentrala.ro', 'www.cabanacentrala.ro'),
(117, '0788 987 654', 'info@resortcentral.ro', 'www.resortcentral.ro'),
(118, '0799 555 444', 'booking@motelcentru.ro', 'www.motelcentru.ro'),
(119, '0710 321 654', 'contact@casadevacantacentrala.ro', 'www.casadevacantacentrala.ro'),
(120, '0259 123 456', 'contact@hotelsibiu.ro', 'www.hotelsibiu.ro'),
(121, '0258 654 321', 'pensiune.ocnasibiului@gmail.com', 'www.pensiuneocnasibiului.ro'),
(122, '0269 987 654', 'contact@vilarasinari.com', 'www.vilarasinari.com'),
(123, '0274 567 890', 'contact@campingavrig.com', 'www.campingavrig.ro'),
(124, '0268 345 678', 'contact@apartamentecisnadie.ro', 'www.apartamentecisnadie.ro'),
(125, '0257 890 123', 'rezervari@complexcisnadioara.com', 'www.complexturisticcisnadioara.ro'),
(126, '0246 456 789', 'contact@cabanatalmaciu.ro', 'www.cabanatalmaciu.ro'),
(127, '0256 123 987', 'info@resortsaliste.ro', 'www.resortsaliste.ro'),
(128, '0265 654 321', 'contact@moteledumbraveni.ro', 'www.moteledumbraveni.ro'),
(129, '0264 321 789', 'contact@casavacantarasinari.ro', 'www.casavacantarasinari.ro'),
(130, '0762345678', 'contact@hotelbotosani.ro', 'www.hotelbotosani.ro'),
(131, '0745678901', 'info@pensionabotosani.ro', 'www.pensionabotosani.ro'),
(132, '0756789012', 'contact@vila-botosani.ro', 'www.vila-botosani.ro'),
(133, '0765678901', 'info@motelbotosani.ro', 'www.motelbotosani.ro'),
(134, '0756789012', 'contact@aparthotelbotosani.ro', 'www.aparthotelbotosani.ro'),
(135, '0745678901', 'info@hostelbotosani.ro', 'www.hostelbotosani.ro'),
(136, '0762345678', 'contact@campingbotosani.ro', 'www.campingbotosani.ro'),
(137, '0756789012', 'info@pensionatbotosani.ro', 'www.pensionatbotosani.ro'),
(138, '0745678901', 'contact@hoteldluxbotosani.ro', 'www.hoteldluxbotosani.ro'),
(139, '0765678901', 'info@hotelbudgetbotosani.ro', 'www.hotelbudgetbotosani.ro'),
(140, '0762345678', 'contact@hoteliasi.ro', 'www.hoteliasi.ro'),
(141, '0745678901', 'info@pensionaiasi.ro', 'www.pensionaiasi.ro'),
(142, '0756789012', 'contact@viliasi.ro', 'www.viliasi.ro'),
(143, '0765678901', 'info@moteliasi.ro', 'www.moteliasi.ro'),
(144, '0756789012', 'contact@aparthoteliasi.ro', 'www.aparthoteliasi.ro'),
(145, '0745678901', 'info@hosteliasi.ro', 'www.hosteliasi.ro'),
(146, '0762345678', 'contact@campingiasi.ro', 'www.campingiasi.ro'),
(147, '0756789012', 'info@pensionatiasi.ro', 'www.pensionatiasi.ro'),
(148, '0745678901', 'contact@hoteldluxiasi.ro', 'www.hoteldluxiasi.ro'),
(149, '0765678901', 'info@hotelbudgetiasi.ro', ''),
(150, '0242 312345', 'contact@hotel.maramures.ro', 'www.hotel.maramures.ro'),
(151, '0242 321456', 'info@hotel.maramures.ro', 'www.hotel.maramures.ro'),
(152, '0242 321789', 'contact@pensiunea.maramures.ro', 'www.pensiunea.maramures.ro'),
(153, '0242 312345', 'info@pensiunea.maramures.ro', 'www.pensiunea.maramures.ro'),
(154, '0242 321789', 'contact@motel.maramures.ro', 'www.motel.maramures.ro'),
(155, '0242 312345', 'info@motel.maramures.ro', 'www.motel.maramures.ro'),
(156, '0242 321789', 'contact@aparthotel.maramures.ro', 'www.aparthotel.maramures.ro'),
(157, '0242 312345', 'info@aparthotel.maramures.ro', 'www.aparthotel.maramures.ro'),
(158, '0242 321789', 'contact@hostel.maramures.ro', 'www.hostel.maramures.ro'),
(159, '0242 312345', 'info@hostel.maramures.ro', 'www.hostel.maramures.ro'),
(160, '0242 321789', 'contact@camping.maramures.ro', ''),
(161, '0240.111222', 'hotel.tulcea@gmail.com', 'www.hoteltulcea.ro'),
(162, '0240.333444', 'pensiunea.tulcea@gmail.com', 'www.pensiuneatulcea.ro'),
(163, '0240.555666', 'vila.tulcea@gmail.com', 'www.vilatulcea.ro'),
(164, '0240.777888', 'motel.tulcea@gmail.com', 'www.moteltulcea.ro'),
(165, '0240.999000', 'aparthotel.tulcea@gmail.com', 'www.aparthotel.tulcea.ro'),
(166, '0240.123456', 'hostel.tulcea@gmail.com', 'www.hosteltulcea.ro'),
(167, '0240.789012', 'camping.tulcea@gmail.com', 'www.campingtulcea.ro'),
(168, '0240.234567', 'pensionat.tulcea@gmail.com', 'www.pensionattulcea.ro'),
(169, '0240.567890', 'hotel.de.lux.tulcea@gmail.com', 'www.hoteldeluxtulcea.ro'),
(170, '0240.901234', 'hotel.budget.tulcea@gmail.com', 'www.hotelbudgettulcea.ro'),
(171, '0721 123 456', 'contact@taverna-sarbului.ro', 'www.taverna-sarbului.ro'),
(172, ' 0721 234 567', 'contact@bruma-gastrobar.ro', 'www.bruma-gastrobar.ro'),
(173, '0721 345 678', 'contact@restaurant-wood.ro', 'www.restaurant-wood.ro'),
(174, '0721 456 789', 'contact@restaurant-snow.ro', 'www.restaurant-snow.ro'),
(175, '0721 567 890', 'contact@kuib-restaurant.ro', 'www.kuib-restaurant.ro'),
(176, '0721 678 901', 'contact@restaurant-alex-sinaia.ro', 'www.restaurant-alex-sinaia.ro'),
(177, '0721 789 012', 'contact@crama-rina.ro', 'www.crama-rina.ro'),
(178, '0721 890 123', 'contact@la-cascade.ro', 'www.la-cascade.ro'),
(179, '0721 901 234', 'contact@carol-gastro-bierhaus.ro', 'www.carol-gastro-bierhaus.ro'),
(180, '0721 012 345', 'contact@restaurant-tirol-sinaia.ro', 'www.restaurant-tirol-sinaia.ro'),
(181, '0721 123 456', 'contact@cucina-sofia.ro', 'www.cucina-sofia.ro'),
(182, '0721 234 567', 'contact@restaurant-riviera.ro', 'www.restaurant-riviera.ro'),
(183, '0721 345 678', 'contact@restaurant-carpati-sinaia.ro', 'www.restaurant-carpati-sinaia.ro'),
(184, '0721 456 789', 'contact@restaurant-palace-sinaia.ro', 'www.restaurant-palace-sinaia.ro'),
(185, '0721 567 890', 'contact@bar-33.ro', 'www.bar-33.ro'),
(186, '0721 678 901', 'contact@restaurant-casa-taraneasca-busteni.ro', 'www.restaurant-casa-taraneasca-busteni.ro'),
(187, '0721 789 012', 'contact@restaurant-casa-magica.ro', 'www.restaurant-casa-magica.ro'),
(188, '0721 890 123', 'contact@deanes-irish-pub.ro', 'www.deanes-irish-pub.ro'),
(189, '0721 901 234', 'contact@serenity-resort.ro', 'www.serenity-resort.ro'),
(190, '0721 012 345', 'contact@hanul-domnesc.ro', 'www.hanul-domnesc.ro'),
(191, '0721 123 456', 'contact@one-soul.ro', 'www.one-soul.ro'),
(192, '0721 234 567', 'contact@gustari.ro', 'www.gustari.ro'),
(193, '0721 345 678', 'contact@roata-norocului.ro', 'www.roata-norocului.ro'),
(194, '0721 456 789', 'contact@addiction-the-ranch.ro', 'www.addiction-the-ranch.ro'),
(195, '0721 567 890', 'contact@next-door-restaurant.ro', 'www.next-door-restaurant.ro'),
(196, '0721 678 901', 'contact@cucinino-pasta-bar.ro', 'www.cucinino-pasta-bar.ro'),
(197, '0721 789 012', 'contact@pinseria-publick.ro', 'www.pinseria-publick.ro'),
(198, '+40 721 901 234', 'contact@romantik.ro', 'www.romantik.ro'),
(199, '+40 721 012 345', 'contact@casa-brasoveana.ro', 'www.casa-brasoveana.ro'),
(200, '+40 721 123 456', 'contact@pickles.ro', 'www.pickles.ro'),
(201, '+40 721 234 567', 'contact@antico-pizzeria.ro', 'www.antico-pizzeria.ro'),
(202, '+40 721 345 678', 'contact@marco-polo.ro', 'www.marco-polo.ro'),
(203, '+40 721 456 789', 'contact@reyna.ro', 'www.reyna.ro'),
(204, '+40 721 567 890', 'contact@toscana.ro', 'www.toscana.ro'),
(205, '+40 721 678 901', 'contact@uzina-de-pizza.ro', 'www.uzina-de-pizza.ro'),
(206, '+40 721 789 012', 'contact@musset-resto-lounge.ro', 'www.musset-resto-lounge.ro'),
(207, '+40 721 890 123', 'contact@irish-pub.ro', 'www.irish-pub.ro'),
(208, '+40 721 901 234', 'contact@pescaria-lui-matei.ro', 'www.pescaria-lui-matei.ro'),
(209, '+40 721 012 345', 'contact@nikos-greek-taverna.ro', 'www.nikos-greek-taverna.ro'),
(210, '+40 721 123 456', 'contact@restaurant-chevalet.ro', 'www.restaurant-chevalet.ro'),
(211, '+40 721 234 567', 'contact@dante-cafe-dine.ro', 'www.dante-cafe-dine.ro'),
(212, '+40 721 345 678', 'contact@brothers.ro', 'www.brothers.ro'),
(213, '+40 721 456 789', 'contact@casa-del-sole.ro', 'www.casa-del-sole.ro'),
(214, '+40 721 567 890', 'contact@pizzerie-dalbaffo.ro', 'www.pizzerie-dalbaffo.ro'),
(215, '+40 721 678 901', 'contact@pizzano.ro', 'www.pizzano.ro'),
(216, '+40 721 789 012', 'contact@pizza-party.ro', 'www.pizza-party.ro'),
(217, '+40 721 890 123', 'contact@restaurant-allgeria.ro', 'www.restaurant-allgeria.ro'),
(218, '+40 721 901 234', 'contact@gavroche.ro', 'www.gavroche.ro'),
(219, '+40 721 012 345', 'contact@vila-preciosa.ro', 'www.vila-preciosa.ro'),
(220, '+40 721 123 456', 'contact@la-maison-de-caroline.ro', 'www.la-maison-de-caroline.ro'),
(221, '+40 721 234 567', 'contact@restaurant-privo.ro', 'www.restaurant-privo.ro'),
(222, '+40 721 345 678', 'contact@la-teo-restaurant.ro', 'www.la-teo-restaurant.ro'),
(223, '+40 721 456 789', 'contact@newchicago-restaurant.ro', 'www.newchicago-restaurant.ro'),
(224, '+40 721 567 890', 'contact@la-pizzetta.ro', 'www.la-pizzetta.ro'),
(225, '+40 721 678 901', 'contact@orobianco-ristorante.ro', 'www.orobianco-ristorante.ro'),
(226, '+40 721 789 012', 'contact@lo-sfizo-cucina-italiana.ro', 'www.lo-sfizo-cucina-italiana.ro'),
(227, '+40 721 890 123', 'contact@trattoria-toscana.ro', 'www.trattoria-toscana.ro'),
(228, '+40 721 901 234', 'contact@soul-bistro.ro', 'www.soul-bistro.ro'),
(229, '+40 721 012 345', 'contact@restaurant-atlantic.ro', 'www.restaurant-atlantic.ro'),
(230, '+40 721 123 456', 'contact@bistro-theatre.ro', 'www.bistro-theatre.ro'),
(231, '+40 721 234 567', 'contact@restaurant-la-diablo.ro', 'www.restaurant-la-diablo.ro'),
(232, '+40 721 345 678', 'contact@ristorante-picasso.ro', 'www.ristorante-picasso.ro'),
(233, '+40 721 456 789', 'contact@kril.ro', 'www.kril.ro'),
(234, '+40 721 567 890', 'contact@restaurant-ii-classico.ro', 'www.restaurant-ii-classico.ro'),
(235, '+40 721 678 901', 'contact@grenier-brasserie.ro', 'www.grenier-brasserie.ro'),
(236, '+40 721 789 012', 'contact@pizzerie-restaurant-don.ro', 'www.pizzerie-restaurant-don.ro'),
(237, '+40 721 890 123', 'contact@pizza-italia-ristorante-coandi.ro', 'www.pizza-italia-ristorante-coandi.ro'),
(238, '+40 721 901 234', 'contact@cinecitta.ro', 'www.cinecitta.ro'),
(239, '+40 721 012 345', 'contact@nissaras-cuisine.ro', 'www.nissaras-cuisine.ro'),
(240, '+40 721 123 456', 'contact@kharma-arad.ro', 'www.kharma-arad.ro'),
(241, '+40 721 234 567', 'contact@la-pergola-ristorante-pizzeria.ro', 'www.la-pergola-ristorante-pizzeria.ro'),
(242, '+40 721 345 678', 'contact@viaggio.ro', 'www.viaggio.ro'),
(243, '+40 721 456 789', 'contact@la-terrazza-da-bruno.ro', 'www.la-terrazza-da-bruno.ro'),
(244, '+40 721 567 890', 'contact@pelerin-restaurant.ro', 'www.pelerin-restaurant.ro'),
(245, '+40 721 678 901', 'contact@restaurant-noir.ro', 'www.restaurant-noir.ro'),
(246, '+40 721 789 012', 'contact@restaurant-buon-gusto.ro', 'www.restaurant-buon-gusto.ro'),
(247, '+40 721 890 123', 'contact@laguna-restaurant.ro', 'www.laguna-restaurant.ro'),
(248, '+40 721 901 234', 'contact@tequila-boweling.ro', 'www.tequila-boweling.ro'),
(249, '+40 721 012 345', 'contact@diesel.ro', 'www.diesel.ro'),
(250, '+40 721 123 456', 'contact@villa-italia.ro', 'www.villa-italia.ro'),
(251, '+40 721 234 567', 'contact@restaurant-caffe-vero.ro', 'www.restaurant-caffe-vero.ro'),
(252, '+40 721 345 678', 'contact@pepiterdor.ro', 'www.pepiterdor.ro'),
(253, '+40 721 456 789', 'contact@tosca1991.ro', 'www.tosca1991.ro'),
(254, '+40 721 567 890', 'contact@club32.ro', 'www.club32.ro'),
(255, '+40 721 678 901', 'contact@la-strada-pub-restaurant.ro', 'www.la-strada-pub-restaurant.ro'),
(256, '+40 721 789 012', 'contact@la-conac.ro', 'www.la-conac.ro'),
(257, '+40 721 890 123', 'contact@maisonette-restaurant.ro', 'www.maisonette-restaurant.ro'),
(258, '+40 721 901 234', 'contact@club-hush.ro', 'www.club-hush.ro'),
(259, '+40 721 012 345', 'contact@bistro-subcarpati.ro', 'www.bistro-subcarpati.ro'),
(260, '+40 721 123 456', 'contact@atelier.ro', 'www.atelier.ro'),
(261, '+40 721 234 567', 'contact@trattoria-garden-pub.ro', 'www.trattoria-garden-pub.ro'),
(262, '+40 721 345 678', 'contact@bistro-27.ro', 'www.bistro-27.ro'),
(263, '+40 721 456 789', 'contact@restaurant-piatra-craiului.ro', 'www.restaurant-piatra-craiului.ro'),
(264, '+40 721 567 890', 'contact@towers-pub.ro', 'www.towers-pub.ro'),
(265, '+40 721 678 901', 'contact@toscany.ro', 'www.toscany.ro'),
(266, '+40 721 789 012', 'contact@belvedere-restaurant.ro', 'www.belvedere-restaurant.ro'),
(267, '+40 721 890 123', 'contact@varuna-restaurant.ro', 'www.varuna-restaurant.ro'),
(268, '+40 721 901 234', 'contact@alexo-restaurant.ro', 'www.alexo-restaurant.ro'),
(269, '+40 721 012 345', 'contact@bratacei-restaurant.ro', 'www.bratacei-restaurant.ro'),
(270, '+40 721 123 456', 'contact@story.ro', 'www.story.ro'),
(271, '+40 721 234 567', 'contact@restaurant-dom.ro', 'www.restaurant-dom.ro'),
(272, '+40 721 345 678', 'contact@casa-veche.ro', 'www.casa-veche.ro'),
(273, '+40 721 456 789', 'contact@juba-coffee-cub.ro', 'www.juba-coffee-cub.ro'),
(274, '+40 721 567 890', 'contact@restaurant-latino.ro', 'www.restaurant-latino.ro'),
(275, '+40 721 678 901', 'contact@eker.ro', 'www.eker.ro'),
(276, '+40 721 789 012', 'contact@zona.ro', 'www.zona.ro'),
(277, '+40 721 890 123', 'contact@epicentru-steak-pub.ro', 'www.epicentru-steak-pub.ro'),
(278, '+40 721 901 234', 'contact@conacul-domnesc.ro', 'www.conacul-domnesc.ro'),
(279, '+40 721 012 345', 'contact@restaurant-balada.ro', 'www.restaurant-balada.ro'),
(280, '+40 721 123 456', 'contact@pepenero.ro', 'www.pepenero.ro'),
(281, '+40 721 234 567', 'contact@apropo-cafe.ro', 'www.apropo-cafe.ro'),
(282, '+40 721 345 678', 'contact@urban-street-food.ro', 'www.urban-street-food.ro'),
(283, '+40 721 456 789', 'contact@casa-bucovineana.ro', 'www.casa-bucovineana.ro'),
(284, '+40 721 567 890', 'contact@trickshot-mega-mall.ro', 'www.trickshot-mega-mall.ro'),
(285, '+40 721 678 901', 'contact@stadio-restaurant-herastrau.ro', 'www.stadio-restaurant-herastrau.ro'),
(286, '+40 721 789 012', 'contact@trickshot-promenada.ro', 'www.trickshot-promenada.ro'),
(287, '+40 721 890 123', 'contact@la-vitrine-restaurant-lounge.ro', 'www.la-vitrine-restaurant-lounge.ro'),
(288, '+40 721 901 234', 'contact@the-millenial-burger-victoriei.ro', 'www.the-millenial-burger-victoriei.ro'),
(289, '+40 721 012 345', 'contact@osteria-galletto.ro', 'www.osteria-galletto.ro'),
(290, '+40 721 123 456', 'contact@hard-rock-cafe.ro', 'www.hard-rock-cafe.ro'),
(291, '+40 721 234 567', 'contact@stadio-unirii.ro', 'www.stadio-unirii.ro'),
(292, '+40 721 345 678', 'contact@trattoria-mezzaluna.ro', 'www.trattoria-mezzaluna.ro'),
(293, '+40 721 456 789', 'contact@grill-h-by-beraria-h.ro', 'www.grill-h-by-beraria-h.ro'),
(294, '+40 721 567 890', 'contact@roter-ofen-sibiu.ro', 'www.roter-ofen-sibiu.ro'),
(295, '+40 721 678 901', 'contact@max-the-original-restaurant.ro', 'www.max-the-original-restaurant.ro'),
(296, '+40 721 789 012', 'contact@jacob-grillhouse.ro', 'www.jacob-grillhouse.ro'),
(297, '+40 721 890 123', 'contact@restaurant-terasa-arini.ro', 'www.restaurant-terasa-arini.ro'),
(298, '+40 721 901 234', 'contact@kombinat.ro', 'www.kombinat.ro'),
(299, '0721 012 345', 'contact@restaurant-pasaj.ro', 'www.restaurant-pasaj.ro'),
(300, '0721 123 456', 'contact@fain.ro', 'www.fain.ro'),
(301, '0721 234 567', 'contact@plai-restaurant.ro', 'www.plai-restaurant.ro'),
(302, '0721 345 678', 'contact@hochemeister-delikatessen.ro', 'www.hochemeister-delikatessen.ro'),
(303, '0721 456 789', 'contact@gradina-bucatarie-bere-bucurie.ro', 'www.gradina-bucatarie-bere-bucurie.ro'),
(304, '0721 567 890', 'contact@music-pub-sibu.ro', 'www.music-pub-sibu.ro'),
(305, '0721 678 901', 'contact@crama-sibiul-vechi.ro', 'www.crama-sibiul-vechi.ro'),
(306, '0721 789 012', 'contact@la-strada.ro', 'www.la-strada.ro'),
(307, '0721 890 123', 'contact@curtea-veche.ro', 'www.curtea-veche.ro'),
(308, '0721 901 234', 'contact@restaurant-casa-lux.ro', 'www.restaurant-casa-lux.ro'),
(309, '0721 012 345', 'contact@society-restaurant.ro', 'www.society-restaurant.ro'),
(310, '0721 123 456', 'contact@cherry-restaurant.ro', 'www.cherry-restaurant.ro'),
(311, '0721 234 567', 'contact@tex-club.ro', 'www.tex-club.ro'),
(312, '0721 345 678', 'contact@taverna-bella-napoli.ro', 'www.taverna-bella-napoli.ro'),
(313, '0721 456 789', 'contact@cabana-stejarul.ro', 'www.cabana-stejarul.ro'),
(314, '0721 567 890', 'contact@restaurant-belotti.ro', 'www.restaurant-belotti.ro'),
(315, '0721 678 901', 'contact@avanti-pizza.ro', 'www.avanti-pizza.ro'),
(316, '0721 789 012', 'contact@pizza-di-napo.ro', 'www.pizza-di-napo.ro'),
(317, '0721 890 123', 'contact@mia-restaurant.ro', 'www.mia-restaurant.ro'),
(318, '0721 901 234', 'contact@hanu-sarariei.ro', 'www.hanu-sarariei.ro'),
(319, '0721 012 345', 'contact@blue-acqua-restaurant.ro', 'www.blue-acqua-restaurant.ro'),
(320, '0721 123 456', 'contact@meat-up-steak-house.ro', 'www.meat-up-steak-house.ro'),
(321, '0721 234 567', 'contact@vivo-fusion-food-bar.ro', 'www.vivo-fusion-food-bar.ro'),
(322, '0721 345 678', 'contact@veranda-restaurant.ro', 'www.veranda-restaurant.ro'),
(323, '0721 456 789', 'contact@trufanda.ro', 'www.trufanda.ro'),
(324, '0721 567 890', 'contact@toujours.ro', 'www.toujours.ro'),
(325, '0721 678 901', 'contact@citizen-bistro-lounge.ro', 'www.citizen-bistro-lounge.ro'),
(326, '0721 789 012', 'contact@restaurant-cheffa.ro', 'www.restaurant-cheffa.ro'),
(327, '0721 890 123', 'contact@castel-transilvania.ro', 'www.castel-transilvania.ro'),
(328, '0721 901 234', 'contact@le-bistrot.ro', 'www.le-bistrot.ro'),
(329, '0721 012 345', 'contact@simared-restaurant.ro', 'www.simared-restaurant.ro'),
(330, '0721 123 456', 'contact@casa-dobro.ro', 'www.casa-dobro.ro'),
(331, '0721 234 567', 'contact@philia-oazis.ro', 'www.philia-oazis.ro'),
(332, '0721 345 678', 'contact@pizzeria-rustica.ro', 'www.pizzeria-rustica.ro'),
(333, '0721 456 789', 'contact@la-cassa.ro', 'www.la-cassa.ro'),
(334, '0721 567 890', 'contact@the-oak.ro', 'www.the-oak.ro'),
(335, '0721 678 901', 'contact@breb-148-local-food-garden.ro', 'www.breb-148-local-food-garden.ro'),
(336, '0721 789 012', 'contact@the-buffet.ro', 'www.the-buffet.ro'),
(337, '0722231678', 'lamisto@gmail.com', 'www.lamisto.ro');

-- --------------------------------------------------------

--
-- Table structure for table `date_rezervare`
--

DROP TABLE IF EXISTS `date_rezervare`;
CREATE TABLE IF NOT EXISTS `date_rezervare` (
  `cod_rezervare` int NOT NULL AUTO_INCREMENT,
  `data_check_in` date NOT NULL,
  `data_check_out` date NOT NULL,
  `nr_persoane` int NOT NULL,
  `buget_pers` int NOT NULL,
  `nr_camere` int NOT NULL,
  `ut` int NOT NULL,
  PRIMARY KEY (`cod_rezervare`),
  KEY `ut` (`ut`)
) ENGINE=InnoDB AUTO_INCREMENT=39 DEFAULT CHARSET=utf8mb4 COLLATE=utf8mb4_0900_ai_ci;

--
-- Dumping data for table `date_rezervare`
--

INSERT INTO `date_rezervare` (`cod_rezervare`, `data_check_in`, `data_check_out`, `nr_persoane`, `buget_pers`, `nr_camere`, `ut`) VALUES
(1, '2024-05-18', '2024-05-18', 2, 100, 1, 1),
(2, '2024-06-05', '2024-06-07', 3, 250, 1, 1),
(3, '2024-05-10', '2024-05-13', 1, 100, 1, 2),
(4, '2024-06-07', '2024-06-10', 1, 350, 1, 2),
(5, '2024-05-21', '2024-05-23', 1, 100, 1, 2),
(6, '2024-04-12', '2024-04-13', 1, 100, 1, 2),
(7, '2024-04-04', '2024-04-07', 1, 250, 1, 3),
(8, '2024-04-19', '2024-04-22', 1, 250, 1, 3),
(9, '2024-04-30', '2024-05-03', 1, 350, 1, 1),
(10, '2024-06-11', '2024-06-21', 1, 250, 1, 2),
(11, '2024-06-10', '2024-06-12', 1, 100, 1, 2),
(18, '0000-00-00', '0000-00-00', 2, 300, 2, 2),
(19, '2024-06-19', '2024-06-22', 2, 300, 2, 2),
(20, '2024-06-19', '2024-06-22', 1, 100, 1, 2),
(21, '2024-06-19', '2024-06-22', 1, 100, 1, 2),
(22, '2024-06-19', '2024-06-22', 1, 100, 1, 2),
(23, '2024-06-18', '2024-06-22', 1, 300, 1, 2),
(24, '2024-06-28', '2024-06-30', 1, 250, 1, 2),
(25, '2024-06-28', '2024-06-30', 1, 600, 1, 23),
(26, '2024-06-28', '2024-06-29', 1, 350, 1, 23),
(27, '2024-06-28', '2024-06-30', 1, 150, 1, 23),
(28, '2024-06-30', '2024-07-01', 2, 300, 1, 23),
(29, '2024-07-05', '2024-07-07', 2, 250, 1, 23),
(30, '2024-07-03', '2024-07-05', 1, 300, 1, 23),
(31, '2024-07-02', '2024-07-05', 1, 250, 1, 23),
(32, '2024-07-17', '2024-07-27', 2, 300, 1, 24),
(33, '2024-07-16', '2024-07-19', 1, 100, 1, 24),
(34, '2024-07-18', '2024-07-19', 1, 250, 1, 23),
(35, '2024-07-18', '2024-07-27', 1, 250, 1, 23),
(36, '2024-07-23', '2024-07-25', 1, 250, 1, 23),
(37, '2024-07-17', '2024-07-19', 1, 300, 1, 23),
(38, '2024-07-23', '2024-07-27', 1, 100, 1, 23);

-- --------------------------------------------------------

--
-- Table structure for table `evenimente`
--

DROP TABLE IF EXISTS `evenimente`;
CREATE TABLE IF NOT EXISTS `evenimente` (
  `id_eveniment` int NOT NULL AUTO_INCREMENT,
  `denumire_eveniment` varchar(50) NOT NULL,
  `tip_eveniment` varchar(50) NOT NULL,
  `inceput_eveniment` date NOT NULL,
  `durata_eveniment` int NOT NULL,
  `adresa_eve` int NOT NULL,
  PRIMARY KEY (`id_eveniment`),
  KEY `adresa_eveniment` (`adresa_eve`)
) ENGINE=InnoDB AUTO_INCREMENT=37 DEFAULT CHARSET=utf8mb4 COLLATE=utf8mb4_0900_ai_ci;

--
-- Dumping data for table `evenimente`
--

INSERT INTO `evenimente` (`id_eveniment`, `denumire_eveniment`, `tip_eveniment`, `inceput_eveniment`, `durata_eveniment`, `adresa_eve`) VALUES
(1, 'Festival Beach Please', 'festival', '2024-07-10', 4, 286),
(2, 'Concert Pavel Stratan ', 'concert', '2024-07-13', 1, 287),
(3, 'Festival Super Early', 'festival', '2024-08-02', 2, 288),
(4, 'Bucovina MotorFest', 'festival', '2024-08-09', 2, 289),
(5, 'We love music festival 2024', 'festival', '2024-08-15', 3, 290),
(6, 'Posada Rock', 'concert', '2024-08-30', 1, 291),
(7, 'ConcertVama', 'concert', '2024-07-27', 1, 292),
(8, 'Houser', 'concert', '2024-07-13', 1, 292),
(9, 'Deep in the forest', 'concert', '2024-07-12', 1, 293),
(10, 'Astra Rock', 'concert', '0000-00-00', 2, 294),
(11, 'Open Air Blues in the Garden Festival', 'festival', '2024-08-23', 2, 295),
(12, 'Concert UADA', 'concert', '2024-08-23', 1, 296),
(13, 'Jazz in the Park', 'concert', '2024-08-30', 1, 297),
(14, 'Momente de Ograda editia X', 'festival', '2024-09-06', 2, 298),
(15, 'Discoteca`80', 'concert', '2024-09-21', 1, 299),
(16, 'Concert Mandinga', 'concert', '2024-09-28', 1, 300),
(17, 'Concert Trooper', 'concert', '2024-10-25', 1, 301),
(18, 'Ansamblul Plaiesii', 'spectacol', '2024-11-13', 1, 302),
(19, 'Concert Trooper', 'concert', '2024-11-23', 1, 303),
(20, 'Ansamblul Plaiesii', 'spectacol', '2024-11-28', 1, 304),
(21, 'Concert Bosqito', 'concert', '2024-11-29', 1, 305),
(22, 'Concert Bogdan Simion & Lautarii de Matase', 'concert', '2024-12-19', 1, 306),
(23, 'Furtul Secolului-Operatiunea Papucul ', 'teatru', '2024-06-18', 1, 307),
(24, 'Prieteni la cutite', 'teatru', '2024-09-15', 1, 308),
(25, 'Frumoasa si Bestia', 'teatru', '2024-10-16', 1, 309),
(26, 'Hotel Speranta la Parter', 'teatru', '2024-10-18', 1, 309),
(27, 'Cartea Junglei', 'spectacol pentru copiii', '2024-06-09', 1, 310),
(28, 'Motanul Incaltat', 'spectacol pentru copiii', '2024-06-15', 1, 311),
(29, 'Frozen Regatul Inghetat', 'spectacol pentru copiii', '2024-11-01', 1, 309),
(30, 'Printre Maguri X', 'festival', '2024-07-05', 3, 312),
(31, 'Electric Castel', 'festival', '2024-07-17', 4, 313),
(32, 'Outdoorz 2024', 'festival', '2024-07-25', 3, 314),
(33, 'Zilele Nordului ', 'festival', '2024-08-01', 3, 315),
(34, 'Out of doors 2024', 'festival', '2024-08-02', 2, 286),
(35, 'Fest-in-vale', 'festival', '2024-08-16', 2, 316),
(36, 'Orchestra Simfonica Bucuresti:Rock`n Roll', 'concert', '2024-06-28', 1, 317);

-- --------------------------------------------------------

--
-- Table structure for table `evenimente_tipuri`
--

DROP TABLE IF EXISTS `evenimente_tipuri`;
CREATE TABLE IF NOT EXISTS `evenimente_tipuri` (
  `eve_tip_id` int NOT NULL AUTO_INCREMENT,
  `festival` int NOT NULL,
  `concert` int NOT NULL,
  `spectacol` int NOT NULL,
  `teatru` int NOT NULL,
  `spectacol_pentru_copii` int NOT NULL,
  `uti` int NOT NULL,
  `dat_rez` int NOT NULL,
  `ob_pref` int NOT NULL,
  PRIMARY KEY (`eve_tip_id`),
  KEY `uu` (`uti`),
  KEY `da` (`dat_rez`),
  KEY `ob_pref` (`ob_pref`)
) ENGINE=InnoDB AUTO_INCREMENT=72 DEFAULT CHARSET=utf8mb4 COLLATE=utf8mb4_0900_ai_ci;

--
-- Dumping data for table `evenimente_tipuri`
--

INSERT INTO `evenimente_tipuri` (`eve_tip_id`, `festival`, `concert`, `spectacol`, `teatru`, `spectacol_pentru_copii`, `uti`, `dat_rez`, `ob_pref`) VALUES
(1, 1, 1, 1, 0, 0, 2, 3, 1),
(2, 1, 1, 1, 0, 0, 2, 3, 2),
(3, 1, 1, 1, 0, 0, 23, 25, 8),
(4, 1, 1, 1, 0, 0, 23, 25, 8),
(5, 1, 1, 1, 0, 0, 23, 25, 8),
(6, 1, 1, 1, 0, 0, 23, 25, 8),
(7, 1, 1, 1, 0, 0, 23, 25, 8),
(8, 1, 1, 1, 0, 0, 23, 25, 8),
(9, 1, 1, 1, 0, 0, 23, 25, 8),
(10, 1, 1, 1, 0, 0, 23, 25, 8),
(11, 1, 1, 1, 0, 0, 23, 25, 8),
(12, 1, 1, 1, 0, 0, 23, 25, 8),
(13, 1, 1, 1, 0, 0, 23, 25, 8),
(14, 1, 1, 1, 0, 0, 23, 25, 8),
(15, 1, 1, 1, 0, 0, 23, 25, 8),
(16, 1, 1, 1, 0, 0, 23, 25, 8),
(17, 1, 1, 1, 0, 0, 23, 25, 8),
(18, 1, 1, 1, 0, 0, 23, 25, 8),
(19, 1, 1, 1, 0, 0, 23, 25, 8),
(20, 1, 1, 1, 0, 0, 23, 25, 8),
(21, 1, 1, 1, 0, 0, 23, 25, 8),
(22, 1, 1, 1, 0, 0, 23, 25, 8),
(23, 1, 1, 1, 0, 0, 23, 25, 8),
(24, 1, 1, 1, 0, 0, 23, 25, 8),
(25, 1, 1, 1, 0, 0, 23, 25, 8),
(26, 1, 1, 1, 0, 0, 23, 25, 8),
(27, 1, 1, 1, 0, 0, 23, 25, 8),
(28, 1, 1, 1, 0, 0, 23, 25, 8),
(29, 1, 1, 1, 0, 0, 23, 25, 8),
(30, 1, 1, 1, 0, 0, 23, 25, 8),
(31, 1, 1, 1, 0, 0, 23, 25, 8),
(32, 1, 1, 1, 0, 0, 23, 25, 8),
(33, 1, 1, 1, 0, 0, 23, 25, 8),
(34, 1, 1, 1, 0, 0, 23, 25, 8),
(35, 1, 1, 1, 0, 0, 23, 25, 8),
(36, 1, 1, 1, 0, 0, 23, 25, 8),
(37, 1, 1, 1, 0, 0, 23, 25, 8),
(38, 1, 1, 1, 0, 0, 23, 25, 8),
(39, 1, 1, 1, 0, 0, 23, 25, 8),
(40, 1, 1, 1, 0, 0, 23, 25, 8),
(41, 1, 1, 1, 0, 0, 23, 25, 8),
(42, 1, 1, 1, 0, 0, 23, 25, 8),
(43, 1, 1, 1, 0, 0, 23, 25, 8),
(44, 1, 1, 1, 0, 0, 23, 25, 8),
(45, 1, 1, 1, 0, 0, 23, 25, 8),
(46, 1, 1, 1, 0, 0, 23, 25, 8),
(47, 1, 1, 1, 0, 0, 23, 25, 8),
(48, 1, 1, 1, 0, 0, 23, 25, 8),
(49, 1, 1, 1, 0, 0, 24, 32, 50),
(50, 1, 1, 1, 0, 0, 24, 32, 50),
(51, 1, 1, 1, 0, 0, 24, 32, 50),
(52, 1, 1, 1, 0, 0, 23, 25, 8),
(53, 1, 1, 1, 0, 0, 23, 25, 8),
(54, 1, 1, 1, 0, 0, 23, 25, 8),
(55, 1, 1, 1, 0, 0, 23, 25, 8),
(56, 1, 1, 1, 0, 0, 23, 25, 8),
(57, 1, 1, 1, 0, 0, 23, 25, 8),
(58, 1, 1, 1, 0, 0, 23, 25, 8),
(59, 1, 1, 1, 0, 0, 23, 25, 8),
(60, 1, 1, 1, 0, 0, 23, 25, 8),
(61, 1, 1, 1, 0, 0, 23, 25, 8),
(62, 1, 1, 1, 0, 0, 23, 25, 8),
(63, 1, 1, 1, 0, 0, 23, 25, 8),
(64, 1, 1, 1, 0, 0, 23, 25, 8),
(65, 1, 1, 1, 0, 0, 23, 25, 8),
(66, 1, 1, 1, 0, 0, 23, 25, 8),
(67, 1, 1, 1, 0, 0, 23, 25, 8),
(68, 1, 1, 1, 0, 0, 23, 25, 8),
(69, 1, 1, 1, 0, 0, 23, 25, 8),
(70, 1, 1, 1, 0, 0, 23, 25, 8),
(71, 1, 1, 1, 0, 0, 23, 25, 8);

-- --------------------------------------------------------

--
-- Table structure for table `istoric`
--

DROP TABLE IF EXISTS `istoric`;
CREATE TABLE IF NOT EXISTS `istoric` (
  `istoric_nr` int NOT NULL AUTO_INCREMENT,
  `tip_calatorie` varchar(50) CHARACTER SET utf8mb4 COLLATE utf8mb4_0900_ai_ci NOT NULL DEFAULT 'vacanta',
  `nr_calatorii` int NOT NULL DEFAULT '1',
  `cod_uti` int NOT NULL,
  `data_vizi` int NOT NULL,
  `cazari` int NOT NULL,
  PRIMARY KEY (`istoric_nr`),
  KEY `cod_uti` (`cod_uti`),
  KEY `caz` (`cazari`),
  KEY `data_vizitata` (`data_vizi`)
) ENGINE=InnoDB AUTO_INCREMENT=23 DEFAULT CHARSET=utf8mb4 COLLATE=utf8mb4_0900_ai_ci;

--
-- Dumping data for table `istoric`
--

INSERT INTO `istoric` (`istoric_nr`, `tip_calatorie`, `nr_calatorii`, `cod_uti`, `data_vizi`, `cazari`) VALUES
(1, 'vacanta', 1, 1, 1, 1),
(2, 'vacanta', 1, 2, 2, 1),
(3, 'vacanta', 1, 2, 3, 1),
(4, 'vacanta', 1, 3, 4, 2),
(5, 'vacanta', 1, 3, 4, 3),
(6, 'vacanta', 1, 4, 5, 6),
(7, 'vacanta', 1, 5, 6, 4),
(8, 'vacanta', 1, 6, 4, 5),
(9, 'vacanta', 1, 5, 10, 5),
(10, 'vacanta', 1, 6, 11, 6),
(11, 'vacanta', 1, 8, 20, 11),
(12, 'vacanta', 1, 8, 5, 13),
(13, 'vacanta', 1, 9, 18, 20),
(14, 'vacanta', 1, 10, 25, 26),
(15, 'vacanta', 1, 10, 33, 77),
(16, 'vacanta', 1, 12, 22, 76),
(17, 'vacanta', 1, 16, 37, 85),
(18, 'vacanta', 1, 24, 18, 155),
(19, 'vacanta', 1, 15, 32, 130),
(20, 'vacanta', 1, 13, 22, 121),
(21, 'vacanta', 1, 21, 6, 9),
(22, 'vacanta', 1, 17, 3, 158);

-- --------------------------------------------------------

--
-- Table structure for table `obiective`
--

DROP TABLE IF EXISTS `obiective`;
CREATE TABLE IF NOT EXISTS `obiective` (
  `id_obiectiv` int NOT NULL AUTO_INCREMENT,
  `denumire_obiectiv` varchar(100) NOT NULL,
  `tip_obiectiv` varchar(50) NOT NULL,
  `informatii` varchar(100) NOT NULL,
  `adresa_obiectiv` int NOT NULL,
  PRIMARY KEY (`id_obiectiv`),
  KEY `adresa_obie` (`adresa_obiectiv`)
) ENGINE=InnoDB AUTO_INCREMENT=219 DEFAULT CHARSET=utf8mb4 COLLATE=utf8mb4_0900_ai_ci;

--
-- Dumping data for table `obiective`
--

INSERT INTO `obiective` (`id_obiectiv`, `denumire_obiectiv`, `tip_obiectiv`, `informatii`, `adresa_obiectiv`) VALUES
(1, 'Castelul Stirbey-Florescu', 'istoric', 'cea mai veche resedinta de vacanta din Sinaia\r\n13 Sali tematice, \r\nare expozitie ce prezinta anii de', 1),
(2, 'Castelul Peles', 'istoric', 'reprezinta dorinta regelui Carol I\r\ndin a doua jumatate a sec XIX-lea\r\n160 de camere,turnul central ', 1),
(3, 'Castelul Pelisor', 'istoric', '99 de incaperi \r\na fost consturit ca resedinta a principilor mostenitori Ferdinand si Maria', 1),
(4, 'Parcul Ghica', 'istoric', 'infiintat in anul 1881\r\npe marginea aleilor sunt busturile uor personalitati care au locuit sau vizi', 1),
(5, 'Cazinoul Sinaia', 'istoric', 'expozitii cu caracter temporar de \r\narta din pinacoteca (peste 500 lucrari)', 1),
(6, 'Casa Memoriala George Enescu', 'muzeu', 'in stil neo-romanesc \r\na locuit si compus compozitorul George Enescu \r\na fost donata statului Roman ', 2),
(7, 'Muzeul de Trenulete Sinaia', 'muzeu', 'are un sistem feroviar in miniatura cu \r\n70 locomotive si 150 vagoane', 3),
(8, 'Manastirea Sinaia', 'religios', 'pozitionata la altitudinea de 860 m\r\nsupranumita \"Catredrala Carpatilor \"\r\nprima constructie din Sin', 4),
(9, 'Pestera lui Bogdan', 'natural', 'la o altitudine de 1020 m \r\nconstituie un fenomen carstic\r\na fost semnalata in anul 1884\r\nla 1881 a ', 1),
(10, 'Stanca Sfanta Ana', 'religios', 'cel mai vechi loc religios de pe Valea Prahovei \r\na fost locatia unui vechi schit \r\na fost restaurat', 1),
(11, 'Escapade Adventure Park', 'aventuros', 'un parc de aventura pentru copiii', 5),
(12, 'Partia Kalinderu', 'aventuros', 'zona de agrament 15000 mp\r\nSanie topogan tip Wiegand lungime 500ml 36 sanii cu doua locuri\r\nBaby lif', 1),
(13, 'Cascada Urlatoarea', 'cascade', 'se afla la 1055 m se poate parcurge \r\nprin padure fiind un drum accesibil', 6),
(14, 'Muzeul Memorial Cezar Petrescu', 'muzeu', 'vechiul stil este prezent:mobilier rustic,scoarte vechi\r\npeste 1000 de volume de carte, ziare si rev', 7),
(15, 'Crucea Caraiman', 'istoric', 'este la altitudinea 2291 m pt a cinstii \r\nmemoria celor 30.000 de militari de pe \r\nValea Prahovei in', 6),
(16, 'Castelul Cantacuzino', 'istoric', 'a fost construit la cererea \r\nprintului Gheorghe Grigore Cantacuzino\r\nlucrarea a fost finalizata in ', 8),
(17, 'Parcul Aventura Brasov', 'aventuros', '16 trasee suspendate in copaci \r\nde diverse grade de dificultate\r\ntiroliana de 300m ce tranverseaza ', 9),
(18, 'Superland Brasov', 'aventuros', 'cel mai mare parc de distractii \r\nindoor pentru copiii din Romania', 9),
(19, 'Muntele Tampa', 'drumetie', 'priveliste spectaculoasa\r\ntraseu usor de parcurs prin padure ', 9),
(20, 'Turnul Alb si Turnul Negru', 'istoric', 'ridicate in secolul XVI-lea \r\nca fortificatie de apararea cetatii', 9),
(21, 'Gradina Zoologica', 'gradini zoologice/botanice', '300 de animale \r\nconceput ca un parc natural', 9),
(22, 'Planetariu Brasov', 'planetariu', 'explorarea universului \r\nsi a sistemului solar', 9),
(23, 'Biserica Neagra', 'istoric', 'a fost denumita in urma unui incendiu \r\ncare a curpins intreg orasul\r\neste cea mai mare constructie ', 9),
(24, 'Strada Sforii', 'istoric', 'cea mai ingusta strada din Europa\r\n80m lungime si 111-135 cm ', 10),
(25, 'Piata Sfatului', 'istoric', 'se afla in centrul orasului\r\nse organizeaza diferite evenimente,\r\ntarguri, concerte', 9),
(26, 'Catelul Bran', 'istoric', 'cunocut datorita legendei lui Dracula\r\nla 30 km de municipiul Brasov\r\nconstruit in scop militar', 9),
(27, 'Muzeul de Stiinta', 'muzeu', 'un loc plin de interactivitate cu exponate interactive\r\nsimulatorul de tornada\r\nparadoxul conului du', 9),
(28, 'Muzeul de Istorie', 'muzeu', 'exponate privind istoria orasului si a zonei \r\ninconjuratoare,cele mai populare fiind:\r\ndocumente,mo', 9),
(29, 'Cazinoul Constanta', 'istoric', 'simbol al orasului Constanta\r\nconstruit in stilul Art Nouveau\r\nin forma de scoica \r\nintre 1880-1902 ', 11),
(30, 'Acvariu si Delfinariu', 'acvariu/delfinariu', '57 de bazine ce compun Acvariul \r\nspecii detinute: pisici de mare,scorpia\r\ndragonul de mare\r\nDelfina', 11),
(31, 'Farul Genovez', 'istoric', 'inaltime de 16 m forma octogonala,\r\nconstruit din piartra naturala', 12),
(32, 'Moacheea Regala Carol I', 'istoric', 'monument de arhitectura construit \r\nintre anii 1910 si 1913 \r\nsuprafata de 450m \r\nuna dintre cele ma', 11),
(33, 'Biserica Romano-Catolica', 'istoric', 'construita in 1938 \r\nspecific bisercilor din nordul Italiei\r\nin timpul Celui de-al Doilea Razboi Mon', 11),
(34, 'Muzeul de Arta', 'muzeu', 'infiintat pe baza unei colectii de pictura si sculptura\r\ncontine 7400 de lucrari care ilustreaza art', 11),
(35, 'Muzeul Marinei', 'muzeu', 'are o colectie de uniforme de marina de la 1860 si pana azi \r\nordine si medalii oferite eroilor\r\narm', 13),
(36, 'Casa cu Lei', 'istoric', 'numele provine de la existenta \r\ncelor 4 lei sculptati pe coloane\r\na fost restaurat si transformat i', 11),
(37, 'Edificiul roman cu mozaic', 'istoric', 'cuprinde 3 terase si facea legatura \r\nintre nivelul orasului si cel al portului antic\r\nin magaziile ', 14),
(38, 'Salina Turda', 'aventuros', 'spectacol sculptat in sare', 15),
(39, 'Satul Geamana', 'natural', 'dezastru natural in urma \r\noperatiunilor miniere', 16),
(40, 'Izbucul Tauzului', 'natural', 'este o zona montana\r\neste un izvor cu activitate intermitenta(izbuc)\r\nfunctioneaza pe principiul sif', 16),
(41, 'Rapa Rosie', 'natural', 'rezervatie geologica', 16),
(42, 'Cheile Valisoarei/Aiudului', 'natural', 's-a format urma procesului de eroziune \r\nformanad 4 colturi clacaroase', 16),
(43, 'Lacul Oasa', 'lacuri', 'este situat la altitudinea 1.255 m\r\neste intr-o zona montana cu aspect depresionar', 16),
(44, 'Cascada Sipote', 'cascade', 'in Muntii Trascaului\r\ninaltime de 10 m', 16),
(45, 'Turnul Studentului', 'istoric', 'denumirea a fost pusa in urma evenimentului\r\nlegat de atacul turcesc din 1438,cand intreg \r\nsudul Tr', 16),
(46, 'Castelul Teleki', 'istoric', 'a fost construit in 1290 \r\naceasta constructie a fost amintita in diverse documente\r\nin care se indi', 16),
(47, 'Obeliscul lui Horea,Closca si Crisan', 'istoric', 'sculptutra amplasata la intrarea in cetatea Alba Iulia\r\na fost realizat in memoria luptatorilor din ', 16),
(48, 'Muzeul National al Unirii din Alba Iulia', 'muzeu', 'detine doua cladiri cu valoare de monument istoric', 17),
(49, 'Villa Csonka', 'istoric', 'a fost construit la inceputul sec XX\r\nscris in putinele cladiri Art Nouveau\r\npersonalitate avangardi', 18),
(50, 'Parcul National Calimani ', 'natural', 'una dintre cele mai inalte \r\nmasive muntoase din Romania\r\nare o fauna destul de rara \r\nprezenta jnea', 18),
(51, 'Statiunea Sovata', 'bai ', 'la o altitudine de 490 m \r\ncele mai performante statiuni balneoclimaterice', 19),
(52, 'Castelul Kemeny', 'istoric', 'a fost construit intre anii 1557-1558\r\na fost construit in stil gotic-renascentist\r\ncladire impunato', 20),
(53, 'Castelul Bethlen', 'istoric', 'construit intre anii 1667-1683 \r\nde Bethlen Miklos\r\na ajuns in proprietatea familiei Bruckenthal ', 21),
(54, 'Biserca din lemn Sfintii Arhangheli Mihail si Gavril', 'istoric', 'apare in 1348 cand regele Ludovic I al Ungariei dona o mosie familiei Swk ', 22),
(55, 'Cetatea din Saschiz', 'istoric', 'cetatea  a fost ridicata in sec XIV \r\npentru a proteja locuitorii de invanzii', 23),
(56, 'Casa Vlad Dracul', 'istoric', 'adaposteste un restaurant \r\nmedieval recunoscut\r\na locuit aproximativ 4 ani din 1431', 24),
(57, 'Cetatea Sighisoara', 'istoric', 'complex medieval de arhitectura militara\r\ncivila, eclezica\r\neste singura cetate locuita in intregime', 24),
(58, 'Sacara Scolarului', 'istoric', 'a fost construita in 1662\r\nlegenda in care baiatul trebuie sa sarute fata pe fiecare treapta a scari', 24),
(59, 'Statiunea Moneasa', 'bai termale', 'intr-o depresiune de pe valea Moneasa \r\nla altitudinea de 280m \r\n1835 folosirea apelor termominerale', 25),
(60, 'Manastirea Radna', 'religios', '1551 fiind intemeiata de calugarii franciscani veniti din Bosnia\r\nin 1695 sultanul Mustafa a incendi', 26),
(61, 'Cetatea Soimos', 'istoric', 'a fost construita catre sfarsitul sec XIII de catre o familie nobiliara \r\nlegenda spune ca a fost co', 26),
(62, 'Baile Lipova', 'bai termale', 'renumita pentru apele minerale carbogazoase\r\ndescoperite in sec XIX \r\nse trateaza diverse boli prin ', 26),
(63, 'Cetatea Ineu', 'istoric', '1541 cetatea devine veriga de parare\r\n insemnata in lupta antiotomana a celor 3 tari romane', 27),
(64, 'Palatul Cenad', 'istoric', 'imbina stilul clasic cu cel renascentist', 28),
(65, 'Muzeul Cofetariei din Arad', 'muzeu', 'un ardelean specializat in arta cofetariei\r\nsi-a transformat casa in primul Muzeu al Cofetariei \r\ndi', 28),
(66, 'Monumentul celor 13 generali', 'istoric', 'in 1849 in cetatea Arad au fost executati 13 generali\r\nai armatei revolutionare maghiare', 28),
(67, 'Catedrala Catolica', 'religios', 'turnul are 56 m si reprezinta punctul cheie\r\nal intregului ansamblu\r\nare la baza elemente din stilul', 28),
(68, 'Cheile Bicazului', 'aventuros', 'Regiunea este cuprinsa intre Lacul Rosu si Bicazul Ardelean, \r\navand o intindere de circa 6 kilometr', 29),
(69, 'Statiunea Durau', 'natural', 'Statiunea Durau se afla la o altitudine de 820 m\r\nStatiunea este recomandata pentru odihna si \r\npent', 30),
(70, 'Casa Memoriala Vlahuta', 'muzeu', 'Expozitia cuprinde mobilierul original,\r\n carti din biblioteca proprie, obiecte personale,\r\n reviste', 31),
(71, 'Manastirrea Varatec', 'religios', 'Muzeul din incinta manastirii pastreaza \r\nun valoros patrimoniu cultural-artistic si istoric,\r\n alca', 31),
(72, 'Cascada Duruitoarea', 'cascade', 'Situata la o altitudine de 1.270 m, \r\naceasta cascada este formata pe Paraul Rupturii, \r\ncare izvora', 30),
(73, 'Lacul Cuejdel', 'lacuri', 'Lacul Cuejdel este unul dintre cele mai mari lacuri de baraj \r\nnatural din România şi este situat în', 32),
(74, 'Casa Memoriala Ion Creanga', 'muzeu', 'Un acoperis destul de larg din dranita, \r\ndar si peretii lipiti cu pamant,\r\n o casa pe cat de simpla', 33),
(75, 'Piatra Dracului', 'istoric', 'Localnicii sunt de parere ca stanca a aparut ca urmare a unui pariu dintre diavol si Dumnezeu. Asa s', 34),
(76, 'Hanul Ancutei', 'istoric', 'Aflat la răscruce de drumuri, un loc unde porțile\r\n erau tot timpul deschise, „ca la Domnie”,\r\n hanu', 35),
(77, 'Transfagarasan', 'aventuros', 'Nu multi cunosc faptul ca Transfagarasanul \r\nreprezinta cea mai inalta sosea de pe \r\ncontinentul eur', 36),
(78, 'Parcul Dendrologic Trivale', 'natural', 'Raritatea padurilor de stejari termofili, \r\ndiversitatea vegetatiei, insemnatatea \r\nfitogeografica d', 37),
(79, 'Satul Ciocanu', 'natural', 'situat culoarul Rucar Bran', 38),
(80, 'Parcul National Piatra Craiului', 'natural', 'Exista aproximativ 1.170 de specii si \r\nsubspecii de plante, adica peste 30 % \r\ndin speciile de plan', 36),
(81, 'Cheile Dambovicioarei', 'natural', 'Acestea sunt asezate chiar in bazinul hidrografic\r\n al Dambovitei, facand parte dintr-un lant format', 39),
(82, 'Lacul Capra', 'lacuri', 'Lacul Capra se afla situat la 2241 m inaltime\r\n chiar in Muntii Fagaras. Adancimea lacului \r\nCapra e', 36),
(83, 'Curtea Domneasca din Curtea de Arges', 'istoric', 'a devenit resedinta pe vremea lui Basarab I\r\ndar si in timpul lui Mircea cel Batran', 40),
(84, 'Barajul Vidraru', 'lacuri', 'Constructia acestuia a durat aproximativ cinci ani de zile,\r\n barajul avand o inaltime de peste 160 ', 36),
(86, 'Cheile Zanoagei', 'natural', 'Cheile se intind pe o suprafata de 1 km\r\n iar inaltimea peretilor calcarosi se \r\nridica pana la 200 ', 41),
(87, 'Statiunea Pucioasa', 'istoric', 'Cu toate ca zona este atestata din anul 1538,\r\n izvoarele de sulf si iod au fost descoperite in 1828', 42),
(88, 'Manastirea Dealu', 'religios', ' Stilul baroc al construcției a fost împrumutat de către \r\nmeșteri de la construcția Mânăstirii Arge', 43),
(89, 'Zimbraria din Bucsani', 'natural', 'Zimbrăria de la Bucşani se afla situată la o distanţă \r\ndestul de apropiată de oraşul reşedinţa de j', 44),
(90, 'Manastirea Cobia', 'religios', ' Mânăstirea Cobia impresionează prin cărămidă smălțuită\r\n de culoare verde ce a placat întreaga fața', 45),
(91, 'Rezervatia Naturala Izvorul de la Corbii Ciungi ', 'natural', 'Rezervația Naturală “Izvorul de la Corbii Ciungi” \r\neste una dintre rezervațiile mixte ale țării, av', 46),
(92, 'Casa Memoriala Ion Luca Caragiale', 'muzeu', 'Casa Memoriala Ion Luca Caragiale reda franturi\r\n din viata scriitorului.\r\nIn cadrul muzeului sunt e', 47),
(93, 'Parcul Herastrau', 'natural', 'În vremea în care era denumit după Stalin,\r\n la intrarea în parc se afla o statuie a acestuia, \r\nrid', 48),
(94, 'Delta din Bucuresti', 'natural', 'După 1989, natura şi viaţa sălbatică au pus\r\n stăpânire pe zona Văcăreşti, iar cele 183\r\n de hectare', 49),
(95, 'Grand Hotel Continental', 'istoric', 'Hotelul dispune de un număr de 53 de camere \r\ncu vedere către Calea Victoriei, 6 apartamente\r\n amena', 48),
(96, 'Manastirea Radu Voda', 'religios', 'Manastirea a fost cladita pentru a servi drept mitropolie a capitalei. Initial, aceasta a purtat num', 48),
(97, 'Strada Lipscani', 'istoric', 'Breslele de pantofari, blănari, băcani,\r\n căldărari își făcuseră în aceste locuri \r\ndiferite magazin', 48),
(98, 'Sinagoga Mare din Bucuresti', 'religios', 'Este o clădire veche ce datează din anul 1846.\r\n Evreii askenazi din Polonia s-au așezat în \r\naceste', 48),
(99, 'Parcul Cismigiu', 'natural', 'Parcul Cismigiu a fost deschis oficial,\r\n iar publicul a fost lasat a-i admira \r\nmaretia si grandoar', 48),
(100, 'Palatul Parlamentului', 'istoric', ' Nu putem uita ca aceasta cladire se\r\n numara printre zecile de inventii si \r\nrecorduri mondiale, fi', 48),
(101, 'Casa Mita Biciclista', 'muzeu', 'Proiectată de arhitectul N. C. Mihăescu,\r\n casa Beaux-Arts cu influențe Art Nouveau \r\nare fațade bog', 50),
(102, 'Manastirea Dragomira', 'religios', 'complex manastiresc fortificat ridicat intre anii 1602-1609', 51),
(103, 'Parcul National Calimani ', 'natural', 'unul dintre cele mai inalte masive muntoase din Romania\r\ncel mai inalt fiinf Pietrosul cu o altitudi', 52),
(104, 'Muntii Rarau', 'aventuros', 'priveliste spectaculoasa', 52),
(105, 'Statiunea Vatra Dornei', 'natural', 'este la o altitudine 802 m in Depresiunea Dornelor', 52),
(106, 'Salina Cacica', 'salina', 'una din cele mai vechi exploatari de sare \r\nrecristalizata din saramura din Europa', 53),
(107, 'Muzeul Ciprian Porumbescu', 'muzeu', 'a fost inaugurat in anul 1971 \r\nexpozitia prezentata ilustreaza \r\nmomente din viata si activitatea\r\n', 54),
(108, 'Manastirea Putna', 'religios', 'Amplasamentul a fost ales de catre voievod \r\nprintr-o sageata aruncata cu arcul din varful \r\nmuntelu', 55),
(109, 'Manastirea Sihastria Putnei', 'religios', 'Cand Moldova a fost invadata de armatele \r\nregelui polon Ioan Sobieski (1674-1696), \r\nSihastria a fo', 55),
(110, 'Manastirea Sucevita', 'religios', ' A fost construita din ordin domnesc, o cetate cu o biserica modesta, ctitorie a familiilor Movilest', 56),
(111, 'Manastirea Moldovita', 'religios', 'Ridicata din ordinul voievodului Petru Rares,\r\n dorind parca a respecta traditia inceputa de\r\n tatal', 57),
(112, 'Manastirea Voronet', 'religios', 'A fost ctitorita de Stefan cel Mare in  anul 1448\r\nAre o arhitectura de inspiratie bizantina\r\nastazi', 58),
(113, 'Castelul de Lut din Valea Zanelor', 'muzeu', 'acest castel cu formă neobișnuită, ce pare \r\nsă fi fost construit de hobiți, este realizat \r\ndoar di', 59),
(114, 'Transfagarasan', 'aventuros', 'Nu multi cunosc faptul ca Transfagarasanul \r\nreprezinta cea mai inalta sosea de pe \r\ncontinentul eur', 60),
(115, 'Parcul Natural Cindel ', 'natural', 'Un punct de atractie inedit este constituit \r\nde turbaria dezvoltata pe Platoul Diavolului \r\nprin fl', 60),
(116, 'Statiunea Ocna Sibiului', 'bai termale', 'La intrarea in oras se afla zona balneara \r\ncu complexul de tratament si 15 lacuri \r\nsarate care s-a', 60),
(117, 'Statiunea Paltinis', 'natural', 'Cea mai veche statiunea montana si unica \r\ndin tara situata la cea mai mare altitudine –\r\n 1442 metr', 60),
(118, 'Cetatea Biertan', 'istoric', 'Construita in perioada 1492-1515 si \r\nrespectand stilul gotic, cetatea Biertan\r\n este un loc de maxi', 61),
(119, 'Manastirea Cartisoara', 'religios', 'Ea poarta hramul “Sfintii Apostoli Petru si Pavel” \r\neste atestata de prin jurul anilor 1400, cu \r\np', 62),
(120, 'Edenul din Transilvania', 'natural', 'Palatul Brukenthal din Avrig este singurul palat\r\n din țară care are în faţa sa un parc construit\r\n ', 63),
(121, 'Muzeul Civilizatiei Populare Traditionale Astra', 'muzeu', 'Muzeul se intinde pe 96 de hectare, este \r\nstrabatut de 10 kilometri de alei de-a lungul \r\ncarora se', 64),
(122, 'Palatul Brukental', 'muzeu', 'Muzeul are in componenta sa:\r\n– Palatul Brukenthal\r\n-Muzeul de Istorie\r\n-Muzeul de Istorie Naturala\r', 60),
(123, 'Piata Mica', 'istoric', ' un loc de relaxare in care te poti plimba\r\n si admira cladirile si arhitectura  din jur', 60),
(124, 'Podul Minciunilor', 'istoric', 'Tot aici, băieții care studiau la Academia Militară își dădeau întâlnire cu cele mai frumoase fete d', 60),
(125, 'Parcul Mihai Eminescu din Botosani', 'natural', 'Vechimea parcului este destul de mare, datând din anul 1869, atunci când autorităţile au ordonat con', 65),
(126, 'Casa memoriala Nicolae Iorga', 'muzeu', 'Aici putem observa diferite momente ale \r\nactivității savantului, piese de referință din \r\nîntreaga ', 65),
(127, 'Manastirea Sihastria Voronei ', 'religios', 'Biserica manastirii Sihastria Voronei a fost \r\nconstruita la indemnul domnitorului Moldovei, \r\nMihai', 66),
(128, 'Casa Memoriala Mihai Eminescu', 'muzeu', 'In aceste locuri eminesciene, an de an sunt organizate colocvii, \r\nsimpozioane si tabere de creatii ', 67),
(129, 'Casa Memoriala George Enescu', 'muzeu', 'este casa natala a marelui compozitor,dirijor, pianist si violonist\r\n1881-1955', 68),
(130, 'Catedrala Mitropolitana din Iasi', 'religios', 'Catedrala din Iaşi este o clădire monumentală,\r\n cu plan dreptunghiular, fiind marcată la colțuri \r\n', 69),
(131, 'Poiana Schit ', 'natural', 'Aici se gasesc ruinele bisericii vechiului Schit Barnova,\r\n atestat documentar inca din timpul domni', 69),
(132, 'Rezervatia Repedea', 'natural', 'Rezervatia geologica si paleontologica Repedea \r\nse intinde pe o suprafata de 47,47 hectare si este ', 70),
(133, 'Statiunea Balneoclimaterica Nicolina', 'bai termale', 'Apele minerale hipotone si hipotermale \r\nreusesc sa trateze cele mai grave afectiuni, \r\navand un con', 69),
(134, 'Castelul Sturdza', 'istoric', 'Castelul a fost ridicat din ordinul familiei Sturdza,\r\n fiind construit in stil neo-getic. Acesta a ', 71),
(135, 'Palatul Sturdza', 'istoric', 'Constructia in stil neogotic a fost ridicata de \r\ncatre vistiernicul Grigoras Sturdza, după planuril', 72),
(136, 'Manastirea Dobrovat', 'religios', 'Manastirea Dobrovat este ultima \r\nctitorie a lui Stefan cel Mare.', 73),
(137, 'Mausoleul lui Vasile Alecsandri', 'istoric', 'Planurile monumentului au fost realizate \r\nde arhitectul Nicolae Ghica-Budesti, membru \r\nde onoare a', 74),
(138, 'Palatul Alexandru Ioan Cuza ', 'istoric', 'Dupa ce a unit Principatele Romane in 1859, acesta s-a stabilit aici, aproape de inima Moldovei. Pal', 75),
(139, 'Conacul Negruzzi', 'istoric', 'A fost construit de către familia boiereasca Negruzzi in anul 1830.\r\nIn anul 1834, spatarul Ianachi ', 76),
(140, 'Casa Mitropolitului Dosoftei ', 'istoric', 'În urmă cu câteva sute de ani, în 1679, Mitropolitul Dosoftei a ales să așeze aici cea de-a doua tip', 69),
(141, 'Bojdeuca lui Ion Creanga', 'muzeu', 'Bojdeuca lui Ion Creanga este situata in Ticau, \r\norasul Iasi, acesta reprezintă  primul muzeu memor', 69),
(142, 'Casa Memoriala George Topirceau', 'museu', 'Casa Memoriala George Topirceanu din Iasi,\r\n construita intre secolele XIX-XX, a fost in \r\nproprieta', 69),
(143, 'Casa Memoriala Mihail Sadoveanu', 'muzeu', 'Scriitorul Mihail Sadoveanu, s-a stabilit \r\ncu familia sa in anul 1918 si a locuit pana \r\nin anul 19', 69),
(144, 'Gradina Botanica', 'gradina botanica', 'actualul amplasament cuprinzand o suprafata \r\nde 105 hectare, fiind una din cele mai mari gradini di', 69),
(145, 'Rezervatia Biosferei Delta Dunarii', 'natural', 'Trecand de orasul Tulcea putem spune ca \r\npasim intr-un cadru natural cu adevarat unic\r\n in Europa –', 77),
(146, 'Rezervatia Naturala Padurea Babadag', 'natural', 'Aria protejata cuprinde paduri de foioase, \r\nvariate asociatii incepand de la paduri balcanice,\r\n pa', 77),
(147, 'Gura Provitei', 'natural', 'Gura Portitei este un loc plin de salbaticie, \r\nlocuit de sute de lipoveni, datand pe aceste \r\nmelea', 78),
(148, 'Manastirea Celic Dere', 'religios', 'Icoana facatoare de minuni a Domnului Iisus Hristos\r\n se afla in patrimoniul Manastirii Celic Dere. ', 79),
(149, 'Cetatea romano-bizantina Dinogetia', 'istoric', 'S-au gasit mai multe caramizi cu stampila \r\nlegiunii I Iovia Scythica si in apropierea cetatii, \r\nun', 80),
(150, 'Cetatea Argamum ', 'istoric', 'Initial cetatea a purtat numele de Orgame \r\nsi a fost cladita in secolul VII-VI i.Cr. Chiar\r\n daca a', 78),
(151, 'Cetatea Enisala', 'istoric', 'Situata in satul Enisala, comuna Sarichioi,\r\n la 8 km de Babadag, este o cetate medievala,\r\n care a ', 81),
(152, 'Cetatea Troesmis', 'istoric', 'Situata pe malul bratului Macin al Dunarii,\r\n in dreptul localitatii Turcoaia, Troesmis a \r\nfost de-', 82),
(153, 'Cetatea Noviodunum', 'istoric', 'Datorita pozitiei sale geografice,\r\n cetatea Noviodunum a avut un \r\nimportant rol strategic si econo', 83),
(154, 'Faleza din orasul Tulcea', 'istoric', 'Prima atestare documentară a orașului Tulcea dateaza din secolul III, înainte de Hristos, fiind menț', 77),
(155, 'Tunelul iubirii din Glimboca', 'aventuros', '“Tunelul iubirii” sau “Tunelul Dragostei” este\r\n unul dintre cele mai romantice locuri din ţară.\r\n D', 84),
(156, 'Lacul Gozna', 'lacuri', 'Acesta a fost amenajat între anii 1950-1953 \r\nşi este folosit pentru producerea energiei electrice\r\n', 85),
(157, 'Gara din orasul Baile Herculane', 'istoric', 'Gara din Băile Herculane este considerată\r\n cea mai frumoasă și încărcată de istorie gară\r\n din Româ', 86),
(158, 'Parcul Național Cheile Nerei – Beușnița', 'natural', 'Parcul cuprinde 6 rezervatii declarate si \r\nuna propusa cu regim strict de protectie.\r\nCheile sapate', 87),
(159, 'Statiunea Baile Herculane', 'bai termale', 'Cea mai veche stațiune balneară din lume, \r\nBăile Herculane reprezintă un mix cultural \r\nși arhitect', 86),
(160, 'Cheile Carasului', 'natural', 'Cheile au o adancime de 200 m si o lungime\r\n de 19 km (din care aproximativ 10 km vizitabili)\r\n si s', 88),
(161, 'Statiunea Trei Ape', 'natural', 'Statiunea Trei Ape se afla situata chiar pe muntele Semenic, intre localitatile Brebu Nou si Garana.', 89),
(162, 'Statiunea Semenic', 'natural', 'Iubitorii sporturilor de iarna se pot bucura\r\n de un sezon mai lung decat media anuala \r\nin tara, di', 90),
(163, 'Pestera Buhui', 'naturall', 'Frumusetea Pesterii Buhui nu poate si \r\nnu se faca remarcata vizitatorilor, o \r\npestera plina de cot', 90),
(164, 'Muzeul locomotivelor cu abur din Resita', 'muzeu', 'Muzeul locomotivelor este unic fiind expuse in aer liber un numar de 16 locomotive ce au fost fabric', 91),
(165, 'Rezervatia Pietrosul Rodnei', 'natural', 'Rezervația Pietrosul Rodnei, aflată în imediata \r\napropiere a oraşului. Aceasta este cea mai mare\r\n ', 92),
(166, 'Pasul Prislop', 'natural', 'Pasul Prislop este situat la o înălțime\r\n de 1416 metri, fiind cea mai înaltă \r\ntrecătoare din Român', 92),
(167, 'Cascada Cailor', 'natural', 'Cascada Cailor este un alt monument \r\nnatural din zonă. Aceasta este cea mai înaltă\r\n şi una dintre ', 92),
(168, 'Poarta Imperiului Habsburgic', 'istoric', 'Poarta Imperiului este borna ce indica \r\nîn trecut intrarea în Imperiul Habsburgic,\r\n situată pe mal', 92),
(169, 'Satul Ieud', 'istoric', 'Ieud este un sat din comuna cu același nume, \r\naflată în județul Maramureş. Acesta este așezat \r\npe ', 93),
(170, 'Biserica de lemn ', 'istoric', 'Mai este cunoscută şi ca biserica de lemn\r\n din Poienile Glodului, fiind construită \r\nîn jurul anulu', 94),
(171, 'Biserica de lemn Sf Nicolae', 'religios', 'Încă din anul datării sale, 1643, \r\nBiserica din Budești-Josani poartă\r\n hramul Sfântului Nicolae. E', 95),
(172, 'Lacul Albastru', 'lacuri', 'Cu o adancime de 4 metri, frumusetea\r\n lacului ramane de necontestat in fata\r\n trecatorilor si turis', 96),
(173, 'Parcul National Muntii Rodnei', 'natural', 'Culmile inalte formate din sisturi cristaline,\r\n rocile vulcanice neogene, gresiile \r\nconglomerate f', 97),
(174, 'Cimitirul vesel din Sapanta', 'istoric', 'Pe crucile de la capataiul fiecaruia \r\nsunt desenate in picturi destul de „stangace”anumite \r\naspect', 98),
(175, 'Cascada Covatari', 'cascade', 'Denumita popular si Cascada Runcu,\r\n aceasta are un debit bogat si constant ce \r\ncoboara printr-un c', 98),
(176, 'Manastirea Barsana', 'religios', 'Legenda spune ca manastirea Barsana\r\n a fost ridicata initial pe malul stang al Izei, \r\npentru ca ma', 99),
(177, 'Cheile Tataturului', 'natural', 'Chiar prin interiorul Cheilor Tătarului din Maramureș\r\n curge pârâul Runcu. În apropiere,  s-a încep', 100),
(178, 'Cheile Turzii', 'natural', 'Culoarul dintre rocile de calcar,\r\n rezultat în urma erodării stâncilor \r\nprovocată de apă, oferă un', 101),
(179, 'Laguna Albastra', 'lacuri', 'Acesta a rezultat din prabusirea unei foste cariere,\r\n care a fost ulterior inundata de un izvor sub', 102),
(180, 'Statiunea Baisoara', 'natural', 'Staţiunea Băişoara este unul dintre \r\ncele mai importante repere turistice din zonă. \r\nCu siguranţă,', 103),
(181, 'Statiunea Baile Sarate', 'bai termale', 'Desi a fost recunoscuta ca microstatiune \r\nbalneara inca din 1837, amenajarea sa actuala\r\ndateaza di', 104),
(182, 'Statiunea Baile Baita', 'bai termale', 'Apele sarate si sulfuroase din zona au fost \r\nfolosite inca din perioada ocupatiei romane, \r\nizvoare', 105),
(183, 'Baile Someseni', 'bai termale', 'Baile Someseni au o vechime destul de inaintata, avand la baza sursele naturale de namol si ape mine', 106),
(184, 'Cheile Turenilor', 'natural', 'Cheile Turenilor mai poartă denumirea \r\nşi de Cheile Turului, fiind considerată una \r\ndintre ariile ', 101),
(185, 'Cascada Rachitele', 'cascade', 'Cascada Valul Miresei este o cascada in \r\ndoua trepte si este cea mai reprezentativa \r\ndin Muntii Ap', 101),
(187, 'Mormantul lui Mihai Viteazu', 'istoric', 'La Turda, într-un cadru retras, autentic românesc, \r\n Obeliscul de la mormântul domnitorului Mihai V', 104),
(188, 'Ansamblul Monumental de la Targu Jiu', 'istoric', 'Masa tăcerii simbolizează masa de dinaintea \r\nluptei la care urmează să participe combatanții. \r\nPre', 107),
(189, 'Cheile Corcoaia', 'natural', 'Fundul cheilor este sapat in marnite de 4—6m\r\n ce formeaza o salba neintrerupta de o rara frumusete.', 108),
(190, 'Cheile Oltetului', 'natural', ' Suprafata rezervatiei naturale este de 150 de hectare, \r\naceasta incluzand si Pestera Polovragi, de', 109),
(191, 'Statiunea Ranca', 'natural', 'In Statiunea Montana Ranca putem parcurge o serie\r\n destul de numeroasa de trasee turistice, putand ', 110),
(192, 'Statiunea Sacelu', 'bai termale', 'Apele sale sulfuroase, sodice sau iodurate,\r\n namolul mineral reprezinta principalele \r\nelemente car', 111),
(193, 'Lacul Valea lui Iovan', 'lacuri', 'Suprafata lacului este 292 ha, oferind o priveliste \r\nspectaculoasa intr-o zona cu o naturalete apar', 110),
(194, 'Pestera Muierii', 'natural', 'Legenda spune ca aceasta a luat o astfel de denumire \r\nintrucat in timpul razboaielor aceasta era fo', 112),
(195, 'Manastirea Dealu Mare', 'religios', 'Este o manastire ortodoxa de maici \r\nce a fost zidita in 1865 de catre Constantin Savoiu.\r\nBiserica ', 113),
(196, 'Pestera Polovragi', 'natural', 'Pestera a fost modelata de apele Oltetului \r\nin banda de calcare jurasice din sudul muntilor \r\nParan', 109),
(197, 'Manastirea Tismana', 'religios', 'Manastirea Tismana este cel mai vechi asezamant \r\nmonahal din Tara Romaneasca, rolul sau fiind \r\nmen', 114),
(198, 'Casa memoriala Ecaterina Teodoroiu ', 'muzeu', 'Casa memorială Ecaterina Teodoroiu este \r\no locuinţă destul de mică, cu doar câteva \r\ncamere şi o ti', 114),
(199, 'Muzeul Gorjului ', 'muzeu', 'Institutia se numara printre primele muzee \r\ndin tara si isi are originea in preocuparile istorice\r\n', 107),
(200, 'Ulpia Traiana Sarmisegetusa', 'istoric', 'Ulpia Traiana Sarmizegetusa a fost un important\r\n oraș și centru administrativ al provinciei romane ', 115),
(201, 'Lacul Custura', 'lacuri', 'Se consideră că acesta este lacul glacial situat\r\n la cea mai mare altitudine din România, \r\nînsă ac', 115),
(202, 'Fundatura Ponorului', 'natural', 'Acest colț de rai mai este numit şi „Palma lui Dumnezeu”. \r\nLocul este de fapt o zonă joasă din Masi', 115),
(203, 'Barajul Gura Apelor', 'natural', 'Lacul de acumulare Gura Apelor are \r\no suprafață de 390 ha și un volum de \r\n210 milioane metri cubi,', 115),
(204, 'Parcul National Retezat', 'natural', 'Cu o vegetatie si fauna care te fascineaza,\r\n poti spune ca urcand acolo te afli in centrul universu', 115),
(205, 'Parcul dedrologic Simeria', 'natural', 'Este o rezervatie dendrologica si peisagistica\r\n ce se intinde pe o suprafata de 70 ha, \r\nclasandu-s', 116),
(206, 'Pestera Zeicu', 'natural', 'În această peşteră au fost descoperite\r\n oase fosile ale “ursului de peşteră”.\r\nParcurgerea peşterii', 117),
(207, 'Catredrala din Ghelari', 'religios', 'Catedrala este situata in localitatea Chelari\r\n din judetul Hunedoara. Prima atestare a unei\r\n biser', 118),
(208, 'Cetatea Bildaru', 'istoric', 'Pe o suprafata de 6.000 mp, se vad urmele\r\n a doua cetati, ridicate la date diferite: una\r\n asezata ', 119),
(209, 'Sarmisegetusa Regia', 'istoric', 'Ruinele vechii cetati dacice ce ne aduce \r\naminte cu mandrie de conducatorul dac Decebal, \r\ndar care', 119),
(210, 'Cetatea  Colt', 'istoric', 'Legenda spune ca in secolul 19 celebrul\r\n scriitor francez Jules Verne a vizitat cetatea \r\nimpreuna ', 120),
(211, 'Manastirea Saracinesti', 'religios', 'Biserica datează de prin anul 1688 și a fost atât de bine restaurată încât părea să fie ca atunci, î', 121),
(212, 'Piatra Scrisa', 'natural', 'Este o roca moale imprejmuita de o padure de conifere\r\ncare permite scrierea, astfel fiecare trecato', 122),
(213, 'Lacul Galcescu', 'lacuri', 'Lacul Gâlcescu şi împrejurimile sale au fost \r\ndeclarate monumente ale naturii, constituind\r\n o reze', 122),
(214, 'Lacul Galbenu', 'lacuri', 'Apa din lac este transportată prin cădere naturală (captare gravitaţională)\r\n către Lacul Vidra, pri', 122),
(215, 'Cascada Apa Spanzurata', 'cascade', 'Apele acesteia sunt captate şi dirijate împreună \r\ncu cele altor pâraie spre Lacul de acumulare Vidr', 122),
(216, 'Transalpina', 'aventuros', 'Transalpina sau Drumul Regelui, asa cum a fost \r\ndenumita mai demult atinge cea mai mare inaltime\r\n ', 122),
(217, 'Statiunea Calimanesti Caciulata ', 'bai termale', 'Statiunea Calimanesti-Caciulata este recomandata \r\npentru tratarea afectiunilor digestive, hepatobil', 123),
(218, 'Baile Govora', 'bai termale', 'Inca din anul 1876, un locuitor in timp \r\nce se afla la muncile agricole a reusit sa scoata\r\ndin pam', 124);

-- --------------------------------------------------------

--
-- Table structure for table `oferte_preturi`
--

DROP TABLE IF EXISTS `oferte_preturi`;
CREATE TABLE IF NOT EXISTS `oferte_preturi` (
  `cod_pret` int NOT NULL AUTO_INCREMENT,
  `oferta_pensionar` int NOT NULL,
  `oferta_elevi_studenti` int NOT NULL,
  `reducere_speciala` int NOT NULL,
  `obiectiv_id` int NOT NULL,
  `eveniment_id` int NOT NULL,
  `cazare_id` int NOT NULL,
  `restaurant_id` int NOT NULL,
  PRIMARY KEY (`cod_pret`),
  KEY `obi` (`obiectiv_id`),
  KEY `resta` (`restaurant_id`),
  KEY `eve` (`eveniment_id`),
  KEY `caza` (`cazare_id`)
) ENGINE=InnoDB DEFAULT CHARSET=utf8mb4 COLLATE=utf8mb4_0900_ai_ci;

-- --------------------------------------------------------

--
-- Table structure for table `preferinte_calatori`
--

DROP TABLE IF EXISTS `preferinte_calatori`;
CREATE TABLE IF NOT EXISTS `preferinte_calatori` (
  `cod_formular_pref` int NOT NULL AUTO_INCREMENT,
  `tip_obiectiv` varchar(50) CHARACTER SET utf8mb4 COLLATE utf8mb4_0900_ai_ci NOT NULL,
  `specificuri` varchar(100) CHARACTER SET utf8mb4 COLLATE utf8mb4_0900_ai_ci NOT NULL,
  `buget` int NOT NULL,
  `distanta_preferata` int NOT NULL,
  `restaurante` int NOT NULL,
  `cazari` int NOT NULL,
  `evenimente` int NOT NULL,
  `obiective` int NOT NULL,
  `utili_id` int NOT NULL,
  PRIMARY KEY (`cod_formular_pref`),
  KEY `cazar` (`cazari`),
  KEY `even` (`evenimente`),
  KEY `rest` (`restaurante`),
  KEY `obiec` (`obiective`),
  KEY `uti` (`utili_id`)
) ENGINE=InnoDB DEFAULT CHARSET=utf8mb4 COLLATE=utf8mb4_0900_ai_ci;

-- --------------------------------------------------------

--
-- Table structure for table `preturi`
--

DROP TABLE IF EXISTS `preturi`;
CREATE TABLE IF NOT EXISTS `preturi` (
  `cod_pret` int NOT NULL AUTO_INCREMENT,
  `camera_pret` int NOT NULL,
  `reducere` int NOT NULL,
  PRIMARY KEY (`cod_pret`)
) ENGINE=InnoDB AUTO_INCREMENT=9 DEFAULT CHARSET=utf8mb4 COLLATE=utf8mb4_0900_ai_ci;

--
-- Dumping data for table `preturi`
--

INSERT INTO `preturi` (`cod_pret`, `camera_pret`, `reducere`) VALUES
(1, 250, 0),
(2, 400, 0),
(3, 600, 0),
(4, 300, 0),
(5, 200, 0),
(6, 350, 0),
(7, 150, 0),
(8, 100, 0);

-- --------------------------------------------------------

--
-- Table structure for table `restaurante`
--

DROP TABLE IF EXISTS `restaurante`;
CREATE TABLE IF NOT EXISTS `restaurante` (
  `id_restaurant` int NOT NULL AUTO_INCREMENT,
  `denumire` varchar(50) NOT NULL,
  `tip_locatie` varchar(50) NOT NULL,
  `specificuri` varchar(50) NOT NULL,
  `evaluare` float NOT NULL,
  `adresa_id` int NOT NULL,
  `restaurant_contact` int NOT NULL,
  PRIMARY KEY (`id_restaurant`),
  KEY `adresa_rest` (`adresa_id`),
  KEY `resta_contact` (`restaurant_contact`)
) ENGINE=InnoDB AUTO_INCREMENT=168 DEFAULT CHARSET=utf8mb4 COLLATE=utf8mb4_0900_ai_ci;

--
-- Dumping data for table `restaurante`
--

INSERT INTO `restaurante` (`id_restaurant`, `denumire`, `tip_locatie`, `specificuri`, `evaluare`, `adresa_id`, `restaurant_contact`) VALUES
(1, 'Taverna Sarbului', 'restaurant', 'sarbesc', 5, 125, 171),
(2, 'Bruma GastroBar', 'restaurant', 'international', 4.5, 126, 172),
(3, 'Restaurant WooD', 'restaurant', 'international', 4.5, 127, 173),
(4, 'Restaurant Snow', 'restaurant', 'romaneasca', 4.9, 128, 174),
(5, 'Kuib restaurant ', 'restaurant', 'international', 4.4, 129, 175),
(6, 'Restaurant Alex Sinaia', 'restaurant', 'unguresc', 4, 130, 176),
(7, 'Crama Rina', 'restaurant', 'romaneasc', 0, 127, 177),
(8, 'La Cascade ', 'restaurant', 'romanesc', 0, 131, 178),
(9, 'Carol Gastro Bierhaus', 'restaurant', 'german', 0, 132, 179),
(10, 'Restaurant Tirol Sinaia', 'restaurant', 'international', 0, 133, 180),
(11, 'Cucina Sofia', 'restaurant', 'italian', 0, 133, 181),
(12, 'Restaurant Riviera', 'restaurant', 'romanesc', 0, 134, 182),
(13, 'Restaurant Carpati', 'restaurant', 'international', 0, 135, 183),
(14, 'Restaurant Palace Sinaia', 'restaurant', 'international', 0, 136, 184),
(15, 'Bar33', 'bar', 'bar', 0, 137, 185),
(16, 'Restaurant Casa Taraneasca Busteni', 'restaurant', 'romanesc', 0, 138, 186),
(17, 'Restaurant Casa Magica', 'restaurant', 'romaneasc', 0, 139, 187),
(18, 'Deane`s Irish Pub', 'pub', 'international', 4.7, 140, 188),
(19, 'Grace by the lake - Serenity Resort', 'restaurant', 'international', 4.9, 141, 189),
(20, 'Hanul Domnesc', 'restaurant', 'romaneasc', 4.9, 142, 190),
(21, 'One Soul', 'restaurant', 'international', 4.9, 143, 191),
(22, 'Gustari', 'restaurant', 'romaneasc', 5, 144, 192),
(23, 'Roata Norocului', 'restaurant', 'romanesc', 4.6, 145, 193),
(24, 'Addiction The Ranch', 'restaurant', 'international', 4.5, 146, 194),
(25, 'Next Door Restaurant', 'restaurant', 'international', 4.5, 147, 195),
(26, 'Cucinino pasta bar', 'restaurant', 'italian', 4.6, 148, 196),
(27, 'Pinseria Publick', 'restaurant', 'italian', 4.7, 149, 197),
(28, 'Romantik', 'restaurant', 'romanesc', 4.6, 150, 198),
(29, 'Casa Brasoveana', 'restaurant', 'romanesc', 4.7, 151, 199),
(30, 'Pickles', 'restaurant', 'international', 4, 152, 200),
(31, 'Antico Pizzeria', 'restaurant', 'italian', 5, 153, 201),
(32, 'Marco Polo', 'restaurant', 'italian', 4, 154, 202),
(33, 'Reyna', 'restaurant', 'italian', 4, 155, 203),
(34, 'Toscana', 'restaurant', 'italian', 4, 154, 204),
(35, 'Uzina de Pizza', 'restaurant', 'italian', 4.5, 156, 205),
(36, 'Musset Resto&Lounge', 'restaurant', 'italian', 4.5, 157, 206),
(37, 'Irish Pub', 'restaurant', 'european', 4, 158, 207),
(38, 'Pescaria lui Matei', 'restaurant', 'european', 4.5, 159, 208),
(39, 'Nikos Greek Taverna', 'restaurant', 'grecesc', 4, 160, 209),
(40, 'Restaurant Chevalet', 'restaurant', 'international', 4.5, 161, 210),
(41, 'Dante Café& Dine', 'bar', 'bar', 4.5, 162, 211),
(42, 'Brothers', 'restaurant', 'italian', 4, 163, 212),
(43, 'Casa del Sole', 'restaurant', 'meditereanean', 4, 164, 213),
(44, 'Restaurant Pizzerie DalBaffo', 'restaurant', 'mediteranean', 4.5, 165, 214),
(45, 'Pizzano', 'pizzerie', 'european', 5, 166, 215),
(46, 'Pizza Party', 'pizzerie', 'italian', 4.5, 167, 216),
(47, 'Restaurant Allegria', 'restaurant', 'international', 5, 168, 217),
(48, 'Gavroche', 'restaurant', 'international', 4, 166, 218),
(49, 'Vila Preciosa', 'restaurant', 'international', 4.5, 169, 219),
(50, 'La Maison de Caroline', 'restaurant', 'european', 4.5, 170, 220),
(51, 'Restaurant PRIVO', 'restaurant', 'international', 4.5, 171, 221),
(52, 'La Teo Restaurant', 'restaurant', 'italian', 4.5, 172, 222),
(53, 'NewChicago Restaurant', 'restaurant', 'italian', 4.5, 173, 223),
(54, 'La Pizzetta', 'restaurant', 'mediteranean', 4.5, 174, 224),
(55, 'Orobianco Ristorante', 'restaurant', 'international', 5, 175, 225),
(56, 'Lo Sfizo-Cucina Italiana', 'restaurant', 'italian', 5, 176, 226),
(57, 'Trattoria Toscana', 'restaurant', 'italian', 5, 177, 227),
(58, 'Soul Bistro', 'restaurant', 'italian', 4.5, 178, 228),
(59, 'Restaurant Atlantic', 'restaurant', 'unguresc', 4, 179, 229),
(60, 'Bistro Theatre', 'restaurant', 'international', 4.5, 180, 230),
(61, 'Restaurant La Diablo', 'restaurant', 'european', 3.5, 181, 231),
(62, 'Ristorante Picasso', 'restaurant', 'italian', 4.5, 182, 232),
(63, 'Kril', 'restaurant', 'libanez', 4.5, 183, 233),
(64, 'Restaurant II Classico', 'restaurant', 'italian', 5, 184, 234),
(65, 'Grenier Brasserie', 'restaurant', 'mediteranean', 4.5, 185, 235),
(66, 'Pizzerie Restaurant Don', 'restaurant', 'mediteranean', 4, 186, 236),
(67, 'Pizza Italia Ristorante Coandi', 'restaurant', 'european', 4, 187, 237),
(68, 'Cinecitta', 'restaurant', 'mediteranean', 4, 188, 238),
(69, 'Nissara`s Cuisine', 'restaurant', 'asiatic', 5, 189, 239),
(70, 'Kharma Arad', 'restaurant', 'american', 5, 190, 240),
(71, 'La Pergola Ristorante Pizzeria', 'restaurant', 'european', 3.5, 191, 241),
(72, 'Viaggio', 'restaurant', 'european', 5, 192, 242),
(73, 'La Terrazza da Bruno', 'restaurant', 'italian', 4.5, 193, 243),
(74, 'Pelerin Restaurant', 'restaurant', 'international', 5, 194, 244),
(75, 'Restaurant Noir', 'restaurant', 'mediteranean', 4.5, 195, 245),
(76, 'Restaurant Buon Gusto ', 'restaurant', 'european', 5, 196, 246),
(77, 'Laguna Restaurant', 'restaurant', 'european', 4, 197, 247),
(78, 'Tequila Boweling', 'bar', 'bar', 4.5, 198, 248),
(79, 'Diesel', 'pub', 'bar', 4.5, 199, 249),
(80, 'Villa Italia', 'restaurant', 'italian', 4.5, 200, 250),
(81, 'Restaurant Caffe Vero', 'restaurant', 'mediteranean', 4, 201, 251),
(82, 'Pepiterdor', 'restaurant', 'european', 5, 202, 252),
(83, 'Tosca1991', 'restaurant', 'american', 4, 203, 253),
(84, 'Club32', 'restaurant', 'international', 4.5, 204, 254),
(85, 'La StradaPub&Restaurant', 'restaurant', 'european', 4, 205, 255),
(86, 'La Conac', 'restaurant', 'european', 4.5, 206, 256),
(87, 'Maisonette Restaurant', 'restaurant', 'european', 4, 207, 257),
(88, 'Club Hush', 'restaurant', 'interanational', 4, 208, 258),
(89, 'Bistro Subcarpati', 'bistro', 'european', 4.5, 209, 259),
(90, 'Atelier', 'restaurant', 'international', 4, 210, 260),
(91, 'Trattoria by Garden Pub', 'pub', 'italian', 4.5, 211, 261),
(92, 'Bistro 27', 'bistro', 'european', 4.5, 212, 262),
(93, 'Restaurant Piatra Craiului ', 'restaurant', 'romanesc', 5, 213, 263),
(94, 'Towers Pub', 'pub', 'european', 4, 214, 264),
(95, 'Toscany', 'restaurant', 'international', 3.5, 215, 265),
(96, 'Belvedere Restaurant', 'restaurant', 'romanesc', 3.5, 216, 266),
(97, 'Varuna Restaurant', 'restaurant', 'romansc', 3.5, 217, 267),
(98, 'Alexo Restaurant', 'bar', 'bar', 3.5, 218, 268),
(99, 'Bratacei Restaurant&Park Events', 'restaurant', 'italian', 4.5, 219, 269),
(100, 'Story', 'restaurant', 'romanesc', 4, 220, 270),
(101, 'Restaurant DOM', 'restaurant', 'european', 4.5, 221, 271),
(102, 'Casa Veche', 'restaurant', 'interanational', 4.5, 222, 272),
(103, 'Juba Coffe Cub Center Targoviste', 'restaurant', 'european', 5, 223, 273),
(104, 'Restaurant Latino', 'restaurant', 'mediteranean', 4.5, 224, 274),
(105, 'Eker', 'restaurant', 'european', 5, 225, 275),
(106, 'Zona', 'restaurant', 'international', 4.5, 226, 276),
(107, 'Epicentru Steak Pub', 'restaurant', 'mediteranean', 4, 227, 277),
(108, 'Conacul Domnesc', 'restaurant', 'interanational', 4, 228, 278),
(109, 'Restaurant Balada', 'restaurant', 'european', 4, 229, 279),
(110, 'Pepenero', 'restaurant', 'italian', 4.5, 230, 280),
(111, 'Apropo Café', 'bar', 'bar', 4.5, 231, 281),
(112, 'Urban Street Food', 'restaurant', 'american', 4.5, 232, 282),
(113, 'Casa Bucovineana Restaurant', 'restaurant', 'romanesc', 4, 233, 283),
(114, 'Trickshot Mega Mall', 'restaurant', 'italian', 5, 234, 284),
(115, 'Stadio Restaurant Herastrau', 'restaurant', 'italian', 5, 235, 285),
(116, 'Trickshot Promenada', 'restaurant', 'italian', 5, 236, 286),
(117, 'La Vitrine Restauran&Lounge', 'restaurant', 'mediteranean', 5, 237, 287),
(118, 'The Millenial Buger Victoriei', 'restaurant', 'mediteranean', 5, 238, 288),
(119, 'Osteria Galletto', 'restaurant', 'italian', 4.5, 239, 289),
(120, 'Hard Rock Café', 'restaurant', 'american', 4.5, 240, 290),
(121, 'Stadio-Unirii', 'restaurant', 'international', 5, 241, 291),
(122, 'Trattoria Mezzaluna', 'restaurant', 'italian', 5, 242, 292),
(123, 'Grill H By Beraria H', 'restaurant', 'international ', 4, 240, 293),
(124, 'Roter Ofen Sibiu', 'restaurant', 'international', 3.5, 243, 294),
(125, 'Max The Original Restaurant', 'restaurant', 'international', 4, 244, 295),
(126, 'Jacob GrillHouse ', 'restaurant', 'steakhouse', 4, 245, 296),
(127, 'Restaurant Terasa Arini', 'restaurant', 'steakhouse', 4, 246, 297),
(128, 'Kombinat', 'restaurant', 'european', 4.5, 247, 298),
(129, 'Restaurant Pasaj', 'restaurant', 'international', 4.5, 248, 299),
(130, 'Fain', 'restaurant', 'italian', 3.5, 249, 300),
(131, 'Plai Restaurant', 'restaurant', 'international', 5, 250, 301),
(132, 'Hochemeister Delikat`essen', 'restaurant', 'european', 4.5, 251, 302),
(133, 'Gradina Bucatarie Bere Bucurie', 'restaurant', 'international', 4, 252, 303),
(134, 'Music Pub Sibu', 'restaurant', 'european', 4, 253, 304),
(135, 'Crama Sibiul Vechi', 'restaurant', 'international', 4.5, 254, 305),
(136, 'La Strada', 'restaurant', 'european', 4, 255, 306),
(137, 'Curtea Veche', 'restaurant', 'romanesc', 4.5, 256, 307),
(138, 'Restaurant Casa Lux', 'restaurant', 'romanesc', 4.5, 257, 308),
(139, 'Society Restaurant', 'restaurant', 'seafood', 4.5, 258, 309),
(140, 'Cherry Restaurant', 'restaurant', 'romanesc', 3.5, 259, 310),
(141, 'Tex Club', 'restaurant', 'international', 4, 260, 311),
(142, 'Taverna Bella Napoli', 'restaurant', 'european', 4, 261, 312),
(143, 'Cabana Stejarul ', 'restaurant', 'italian', 3.5, 262, 313),
(144, 'Restaurant Belotti', 'restaurant', 'seafood', 4.5, 263, 314),
(145, 'Avanti Pizza', 'restaurant', 'italian', 5, 264, 315),
(146, 'Pizza Di Napo', 'restaurant', 'italian', 4.5, 265, 316),
(147, 'Restaurant Mia Restaurant&Catering', 'restaurant', 'international', 4, 266, 317),
(148, 'Hanu`Sarariei 1896', 'restaurant', 'american', 4.5, 267, 318),
(149, 'Blue Acqua Restaurant ', 'restaurant', 'mediteranean', 4.5, 268, 319),
(150, 'Meat Up Steak House', 'restaurant', 'steakhouse', 4, 269, 320),
(151, 'Vivo Fusion Food Bar', 'restaurant', 'american', 4.5, 270, 321),
(152, 'Veranda Restaurant', 'restaurant', 'mediteranean', 4.5, 271, 322),
(153, 'Trufanda', 'restaurant', 'european', 5, 272, 323),
(154, 'Toujours', 'restaurant', 'international', 4.5, 273, 324),
(155, 'CitiZen Bistro&Lounge', 'restaurant', 'american', 4.5, 274, 325),
(156, 'Restaurant Cheffa', 'restaurant', 'european', 5, 275, 326),
(157, 'Castel Transilvania', 'restaurant', 'mediteranean', 4, 276, 327),
(158, 'Le Bistrot', 'restaurant', 'european', 4, 277, 328),
(159, 'Simared Restaurant', 'restaurant', 'european', 4.5, 278, 329),
(160, 'Casa Dobro', 'restaurant', 'romanesc', 5, 279, 330),
(161, 'Philia Oazis', 'restaurant', 'international', 5, 280, 331),
(162, 'Pizzeria Rustica', 'restaurant', 'international', 4.5, 281, 332),
(163, 'La Cassa', 'restaurant', 'european', 4.5, 282, 333),
(164, 'The Oak', 'restaurant', 'italian', 4, 283, 334),
(165, 'Breb 148-Local Food&Garden', 'restaurant', 'romanesc', 5, 284, 335),
(166, 'Restaurant Plapamioara', 'restaurant', 'international', 5, 505, 337);

-- --------------------------------------------------------

--
-- Table structure for table `rezervare_adresa`
--

DROP TABLE IF EXISTS `rezervare_adresa`;
CREATE TABLE IF NOT EXISTS `rezervare_adresa` (
  `id_rezervare_adresa` int NOT NULL AUTO_INCREMENT,
  `cod_rez` int NOT NULL,
  `cod_caza` int NOT NULL,
  PRIMARY KEY (`id_rezervare_adresa`),
  KEY `dat_reze` (`cod_rez`),
  KEY `adr` (`cod_caza`)
) ENGINE=InnoDB AUTO_INCREMENT=28 DEFAULT CHARSET=utf8mb4 COLLATE=utf8mb4_0900_ai_ci;

--
-- Dumping data for table `rezervare_adresa`
--

INSERT INTO `rezervare_adresa` (`id_rezervare_adresa`, `cod_rez`, `cod_caza`) VALUES
(1, 1, 1),
(2, 28, 9),
(3, 28, 9),
(4, 28, 9),
(5, 28, 9),
(6, 28, 9),
(7, 28, 9),
(8, 28, 9),
(9, 28, 9),
(10, 30, 81),
(11, 38, 10),
(12, 38, 10),
(13, 38, 10),
(14, 38, 10),
(15, 38, 10),
(16, 38, 10),
(17, 38, 8),
(18, 38, 8),
(19, 38, 8),
(20, 38, 8),
(21, 38, 8),
(22, 38, 8),
(23, 38, 8),
(24, 38, 8),
(25, 38, 8),
(26, 38, 8),
(27, 38, 8);

-- --------------------------------------------------------

--
-- Table structure for table `rezervari`
--

DROP TABLE IF EXISTS `rezervari`;
CREATE TABLE IF NOT EXISTS `rezervari` (
  `id_rezervare` int NOT NULL AUTO_INCREMENT,
  `camera_id` int NOT NULL,
  `checkin_cam` date NOT NULL,
  `checkout_cam` date NOT NULL,
  `nr_cam_rez` int NOT NULL,
  PRIMARY KEY (`id_rezervare`),
  KEY `camera_id` (`camera_id`)
) ENGINE=InnoDB DEFAULT CHARSET=utf8mb4 COLLATE=utf8mb4_0900_ai_ci;

-- --------------------------------------------------------

--
-- Table structure for table `specific_restaurant`
--

DROP TABLE IF EXISTS `specific_restaurant`;
CREATE TABLE IF NOT EXISTS `specific_restaurant` (
  `sp` int NOT NULL AUTO_INCREMENT,
  `american` int NOT NULL,
  `asiatic` int NOT NULL,
  `european` int NOT NULL,
  `german` int NOT NULL,
  `grecesc` int NOT NULL,
  `international` int NOT NULL,
  `italian` int NOT NULL,
  `mediteranean` int NOT NULL,
  `romanesc` int NOT NULL,
  `sarbesc` int NOT NULL,
  `seafood` int NOT NULL,
  `steakhouse` int NOT NULL,
  `gratar` int NOT NULL,
  `unguresc` int NOT NULL,
  `utilizator` int NOT NULL,
  `dat_rez` int NOT NULL,
  `tip_caz_pref` int NOT NULL,
  PRIMARY KEY (`sp`),
  KEY `utilizator` (`utilizator`),
  KEY `dat_rez` (`dat_rez`),
  KEY `pref_caz` (`tip_caz_pref`)
) ENGINE=InnoDB AUTO_INCREMENT=35 DEFAULT CHARSET=utf8mb4 COLLATE=utf8mb4_0900_ai_ci;

--
-- Dumping data for table `specific_restaurant`
--

INSERT INTO `specific_restaurant` (`sp`, `american`, `asiatic`, `european`, `german`, `grecesc`, `international`, `italian`, `mediteranean`, `romanesc`, `sarbesc`, `seafood`, `steakhouse`, `gratar`, `unguresc`, `utilizator`, `dat_rez`, `tip_caz_pref`) VALUES
(1, 1, 0, 0, 0, 0, 0, 0, 0, 0, 0, 0, 0, 0, 0, 2, 3, 1),
(2, 1, 0, 0, 1, 0, 0, 0, 0, 0, 0, 0, 0, 0, 0, 2, 3, 2),
(3, 1, 0, 0, 1, 1, 0, 0, 0, 0, 0, 0, 0, 0, 0, 2, 3, 3),
(4, 0, 1, 0, 0, 1, 0, 1, 0, 0, 0, 0, 0, 0, 0, 2, 3, 4),
(5, 1, 0, 0, 1, 0, 1, 0, 0, 0, 0, 0, 0, 0, 0, 2, 3, 5),
(6, 1, 0, 0, 1, 0, 1, 0, 0, 0, 0, 0, 0, 0, 0, 2, 3, 6),
(7, 1, 1, 0, 1, 1, 1, 1, 0, 0, 0, 0, 0, 0, 0, 2, 3, 7),
(8, 1, 1, 0, 1, 0, 1, 0, 0, 0, 0, 0, 0, 0, 0, 2, 3, 8),
(9, 1, 0, 0, 1, 0, 1, 0, 0, 0, 0, 0, 0, 0, 0, 23, 25, 37),
(10, 1, 0, 0, 1, 0, 1, 0, 0, 0, 0, 0, 0, 0, 0, 23, 25, 37),
(11, 1, 0, 0, 1, 0, 1, 0, 0, 0, 0, 0, 0, 0, 0, 23, 25, 37),
(12, 1, 0, 0, 1, 0, 1, 0, 0, 0, 0, 0, 0, 0, 0, 23, 25, 37),
(13, 1, 0, 0, 1, 0, 1, 0, 0, 0, 0, 0, 0, 0, 0, 23, 25, 37),
(14, 1, 0, 0, 1, 0, 1, 0, 0, 0, 0, 0, 0, 0, 0, 23, 25, 37),
(15, 1, 0, 0, 1, 0, 1, 0, 0, 0, 0, 0, 0, 0, 0, 23, 25, 37),
(16, 1, 0, 0, 1, 0, 1, 0, 0, 0, 0, 0, 0, 0, 0, 23, 25, 37),
(17, 1, 0, 0, 1, 0, 1, 0, 0, 0, 0, 0, 0, 0, 0, 23, 25, 37),
(18, 1, 0, 0, 1, 0, 1, 0, 0, 0, 0, 0, 0, 0, 0, 23, 25, 37),
(19, 1, 0, 0, 1, 0, 1, 0, 0, 0, 0, 0, 0, 0, 0, 23, 25, 37),
(20, 1, 0, 0, 1, 0, 1, 0, 0, 0, 0, 0, 0, 0, 0, 23, 25, 37),
(21, 1, 0, 0, 1, 0, 1, 0, 0, 0, 0, 0, 0, 0, 0, 23, 25, 37),
(22, 1, 0, 0, 1, 0, 1, 0, 0, 0, 0, 0, 0, 0, 0, 23, 25, 37),
(24, 0, 0, 0, 0, 0, 0, 0, 0, 0, 0, 0, 0, 0, 0, 24, 32, 52),
(25, 0, 0, 0, 0, 0, 0, 0, 0, 0, 0, 0, 0, 0, 0, 24, 32, 52),
(26, 0, 0, 0, 0, 0, 0, 0, 0, 0, 0, 0, 0, 0, 0, 24, 32, 52),
(27, 1, 0, 0, 1, 0, 1, 0, 0, 0, 0, 0, 0, 0, 0, 23, 25, 37),
(28, 1, 0, 0, 1, 0, 1, 0, 0, 0, 0, 0, 0, 0, 0, 23, 25, 37),
(29, 1, 0, 0, 1, 0, 1, 0, 0, 0, 0, 0, 0, 0, 0, 23, 25, 37),
(30, 1, 0, 0, 1, 0, 1, 0, 0, 0, 0, 0, 0, 0, 0, 23, 25, 37),
(31, 1, 0, 0, 1, 0, 1, 0, 0, 0, 0, 0, 0, 0, 0, 23, 25, 37),
(32, 1, 0, 0, 1, 0, 1, 0, 0, 0, 0, 0, 0, 0, 0, 23, 25, 37),
(33, 1, 0, 0, 1, 0, 1, 0, 0, 0, 0, 0, 0, 0, 0, 23, 25, 37),
(34, 1, 0, 0, 1, 0, 1, 0, 0, 0, 0, 0, 0, 0, 0, 23, 25, 37);

-- --------------------------------------------------------

--
-- Table structure for table `tipuri_cazari_pref`
--

DROP TABLE IF EXISTS `tipuri_cazari_pref`;
CREATE TABLE IF NOT EXISTS `tipuri_cazari_pref` (
  `tip` int NOT NULL AUTO_INCREMENT,
  `Apartament` int NOT NULL DEFAULT '0',
  `Aparthotel` int NOT NULL DEFAULT '0',
  `Cabana` int NOT NULL DEFAULT '0',
  `Camping` int NOT NULL DEFAULT '0',
  `Casa_de_vacanta` int NOT NULL DEFAULT '0',
  `Complex_turistic` int NOT NULL DEFAULT '0',
  `Hostel` int NOT NULL DEFAULT '0',
  `Hotel` int NOT NULL DEFAULT '0',
  `Motel` int NOT NULL DEFAULT '0',
  `Pensiune` int NOT NULL DEFAULT '0',
  `Resort` int NOT NULL DEFAULT '0',
  `Vila` int NOT NULL DEFAULT '0',
  `uti` int NOT NULL DEFAULT '0',
  `dat` int NOT NULL,
  PRIMARY KEY (`tip`)
) ENGINE=InnoDB AUTO_INCREMENT=64 DEFAULT CHARSET=utf8mb4 COLLATE=utf8mb4_0900_ai_ci;

--
-- Dumping data for table `tipuri_cazari_pref`
--

INSERT INTO `tipuri_cazari_pref` (`tip`, `Apartament`, `Aparthotel`, `Cabana`, `Camping`, `Casa_de_vacanta`, `Complex_turistic`, `Hostel`, `Hotel`, `Motel`, `Pensiune`, `Resort`, `Vila`, `uti`, `dat`) VALUES
(1, 1, 0, 0, 1, 0, 0, 0, 0, 0, 0, 0, 0, 2, 3),
(2, 1, 0, 0, 1, 0, 0, 1, 0, 0, 0, 0, 0, 2, 3),
(3, 0, 0, 0, 1, 0, 0, 0, 1, 0, 0, 1, 0, 2, 3),
(4, 1, 1, 1, 1, 1, 1, 1, 1, 1, 1, 1, 1, 2, 3),
(5, 1, 0, 0, 1, 0, 0, 1, 0, 0, 1, 0, 0, 2, 3),
(6, 1, 0, 0, 0, 1, 0, 0, 1, 0, 0, 0, 0, 2, 3),
(7, 1, 0, 0, 1, 1, 0, 0, 1, 0, 0, 0, 0, 2, 3),
(8, 1, 0, 0, 1, 0, 0, 1, 1, 0, 0, 0, 0, 2, 3),
(9, 1, 0, 0, 1, 0, 0, 0, 1, 0, 0, 1, 0, 2, 3),
(10, 1, 0, 0, 0, 1, 0, 0, 1, 0, 0, 0, 0, 2, 3),
(11, 1, 0, 0, 0, 1, 0, 0, 1, 0, 0, 0, 0, 2, 3),
(12, 1, 0, 0, 0, 1, 0, 0, 1, 0, 0, 0, 0, 2, 3),
(13, 1, 0, 0, 0, 1, 0, 0, 1, 0, 0, 0, 0, 2, 3),
(14, 1, 0, 0, 0, 1, 0, 0, 1, 0, 0, 0, 0, 2, 3),
(15, 1, 0, 0, 0, 1, 0, 0, 1, 0, 0, 0, 0, 2, 3),
(16, 1, 0, 0, 0, 1, 0, 0, 1, 0, 0, 0, 0, 2, 3),
(17, 1, 0, 0, 0, 1, 0, 0, 1, 0, 0, 0, 0, 2, 3),
(18, 1, 0, 0, 0, 1, 0, 0, 1, 0, 0, 0, 0, 2, 3),
(19, 1, 0, 0, 0, 1, 0, 0, 1, 0, 0, 0, 0, 2, 3),
(20, 1, 0, 0, 0, 1, 0, 0, 1, 0, 0, 0, 0, 2, 3),
(21, 1, 0, 0, 0, 1, 0, 0, 1, 0, 0, 0, 0, 2, 3),
(22, 1, 0, 0, 0, 1, 0, 0, 1, 0, 0, 0, 0, 2, 3),
(23, 1, 0, 0, 0, 1, 0, 0, 1, 0, 0, 0, 0, 2, 3),
(24, 1, 0, 0, 0, 1, 0, 0, 1, 0, 0, 0, 0, 2, 3),
(25, 1, 0, 0, 0, 1, 0, 0, 1, 0, 0, 0, 0, 2, 3),
(26, 1, 0, 0, 0, 1, 0, 0, 1, 0, 0, 0, 0, 2, 3),
(27, 1, 0, 0, 0, 1, 0, 0, 1, 0, 0, 0, 0, 2, 3),
(28, 1, 0, 0, 0, 1, 0, 0, 1, 0, 0, 0, 0, 2, 3),
(29, 1, 0, 0, 0, 1, 0, 0, 1, 0, 0, 0, 0, 2, 3),
(30, 1, 0, 0, 0, 1, 0, 0, 1, 0, 0, 0, 0, 2, 3),
(31, 1, 0, 0, 0, 1, 0, 0, 1, 0, 0, 0, 0, 2, 3),
(32, 1, 0, 0, 0, 1, 0, 0, 1, 0, 0, 0, 0, 2, 3),
(33, 1, 0, 0, 0, 1, 0, 0, 1, 0, 0, 0, 0, 2, 3),
(34, 1, 0, 0, 0, 1, 0, 0, 1, 0, 0, 0, 0, 2, 3),
(35, 1, 0, 0, 1, 0, 0, 1, 0, 0, 1, 0, 0, 2, 3),
(36, 1, 0, 0, 1, 0, 0, 1, 0, 0, 0, 0, 0, 2, 3),
(37, 1, 1, 0, 1, 1, 0, 1, 1, 0, 0, 0, 0, 32, 25),
(38, 1, 1, 0, 1, 1, 0, 1, 1, 0, 0, 0, 0, 32, 25),
(39, 1, 1, 0, 1, 1, 0, 1, 1, 0, 0, 0, 0, 32, 25),
(40, 1, 1, 0, 1, 1, 0, 1, 1, 0, 0, 0, 0, 32, 25),
(41, 1, 1, 0, 1, 1, 0, 1, 1, 0, 0, 0, 0, 32, 25),
(42, 1, 1, 0, 1, 1, 0, 1, 1, 0, 0, 0, 0, 32, 25),
(43, 1, 1, 0, 1, 1, 0, 1, 1, 0, 0, 0, 0, 32, 25),
(44, 1, 1, 0, 1, 1, 0, 1, 0, 0, 0, 0, 0, 32, 25),
(45, 1, 1, 0, 1, 1, 0, 0, 1, 0, 0, 0, 0, 32, 25),
(46, 1, 1, 0, 1, 1, 0, 0, 1, 0, 0, 0, 0, 32, 25),
(47, 1, 1, 0, 1, 1, 0, 1, 1, 0, 0, 0, 0, 32, 25),
(48, 1, 1, 0, 1, 1, 0, 0, 0, 0, 0, 0, 0, 32, 25),
(49, 1, 1, 1, 0, 1, 0, 0, 0, 0, 0, 0, 0, 32, 25),
(50, 0, 0, 0, 0, 0, 0, 0, 1, 1, 0, 1, 0, 32, 25),
(51, 1, 1, 0, 1, 1, 0, 0, 1, 0, 0, 0, 0, 32, 25),
(52, 1, 0, 0, 1, 0, 0, 1, 0, 0, 0, 0, 0, 33, 32),
(53, 1, 0, 0, 1, 0, 0, 1, 0, 0, 1, 0, 0, 33, 32),
(54, 1, 1, 0, 1, 1, 0, 0, 0, 0, 0, 0, 0, 33, 32),
(55, 1, 1, 0, 0, 1, 0, 0, 1, 0, 0, 1, 0, 33, 32),
(56, 1, 1, 0, 1, 1, 0, 0, 1, 0, 0, 0, 0, 32, 25),
(57, 1, 0, 0, 1, 1, 0, 1, 1, 0, 0, 0, 0, 32, 25),
(58, 1, 0, 0, 1, 1, 0, 0, 1, 0, 0, 0, 0, 32, 25),
(59, 1, 1, 0, 1, 0, 0, 1, 0, 0, 0, 0, 0, 32, 25),
(60, 1, 0, 0, 1, 0, 0, 0, 1, 0, 0, 0, 0, 32, 25),
(61, 1, 1, 0, 1, 1, 0, 0, 1, 0, 0, 0, 0, 32, 25),
(62, 1, 1, 0, 0, 1, 0, 0, 1, 0, 0, 0, 0, 32, 25),
(63, 1, 0, 0, 1, 0, 0, 1, 1, 0, 0, 1, 0, 32, 25);

-- --------------------------------------------------------

--
-- Table structure for table `tipuri_obiective`
--

DROP TABLE IF EXISTS `tipuri_obiective`;
CREATE TABLE IF NOT EXISTS `tipuri_obiective` (
  `id_ob_tip` int NOT NULL AUTO_INCREMENT,
  `religios` int NOT NULL,
  `aventuros` int NOT NULL,
  `lacuri` int NOT NULL,
  `cascade_a` int NOT NULL,
  `bai_termale` int NOT NULL,
  `muzee` int NOT NULL,
  `istoric` int NOT NULL,
  `naturale` int NOT NULL,
  `zoo` int NOT NULL,
  `planetariu` int NOT NULL,
  `acvariu_delfinariu` int NOT NULL,
  `uti` int NOT NULL,
  `datrez` int NOT NULL,
  `speci_resta_pref` int NOT NULL,
  PRIMARY KEY (`id_ob_tip`),
  KEY `pref_resta` (`speci_resta_pref`)
) ENGINE=InnoDB AUTO_INCREMENT=66 DEFAULT CHARSET=utf8mb4 COLLATE=utf8mb4_0900_ai_ci;

--
-- Dumping data for table `tipuri_obiective`
--

INSERT INTO `tipuri_obiective` (`id_ob_tip`, `religios`, `aventuros`, `lacuri`, `cascade_a`, `bai_termale`, `muzee`, `istoric`, `naturale`, `zoo`, `planetariu`, `acvariu_delfinariu`, `uti`, `datrez`, `speci_resta_pref`) VALUES
(1, 1, 1, 1, 0, 0, 0, 0, 0, 0, 0, 0, 2, 3, 1),
(2, 1, 1, 1, 0, 0, 0, 0, 0, 0, 0, 0, 2, 3, 2),
(3, 0, 0, 0, 1, 1, 1, 0, 0, 0, 0, 0, 2, 3, 3),
(4, 0, 0, 1, 1, 1, 0, 0, 0, 0, 0, 0, 2, 3, 4),
(5, 0, 0, 1, 1, 1, 0, 0, 0, 0, 0, 0, 2, 3, 5),
(6, 0, 1, 1, 1, 1, 0, 0, 0, 0, 0, 0, 2, 3, 6),
(7, 0, 0, 1, 1, 1, 0, 0, 0, 0, 0, 0, 2, 3, 7),
(8, 1, 1, 1, 0, 0, 0, 0, 0, 0, 0, 0, 32, 25, 9),
(9, 1, 1, 1, 0, 0, 0, 0, 0, 0, 0, 0, 32, 25, 9),
(10, 1, 1, 1, 0, 0, 0, 0, 0, 0, 0, 0, 32, 25, 9),
(11, 1, 1, 1, 0, 0, 0, 0, 0, 0, 0, 0, 32, 25, 9),
(12, 1, 1, 1, 0, 0, 0, 0, 0, 0, 0, 0, 32, 25, 9),
(13, 1, 1, 1, 0, 0, 0, 0, 0, 0, 0, 0, 32, 25, 9),
(14, 1, 1, 1, 0, 0, 0, 0, 0, 0, 0, 0, 32, 25, 9),
(15, 1, 1, 1, 0, 0, 0, 0, 0, 0, 0, 0, 32, 25, 9),
(16, 1, 1, 1, 0, 0, 0, 0, 0, 0, 0, 0, 32, 25, 9),
(17, 1, 1, 1, 0, 0, 0, 0, 0, 0, 0, 0, 32, 25, 9),
(18, 1, 1, 1, 0, 0, 0, 0, 0, 0, 0, 0, 32, 25, 9),
(19, 1, 1, 1, 0, 0, 0, 0, 0, 0, 0, 0, 32, 25, 18),
(20, 1, 1, 1, 0, 0, 0, 0, 0, 0, 0, 0, 32, 25, 18),
(21, 1, 1, 1, 0, 0, 0, 0, 0, 0, 0, 0, 32, 25, 18),
(22, 1, 1, 1, 0, 0, 0, 0, 0, 0, 0, 0, 32, 25, 18),
(23, 1, 1, 1, 0, 0, 0, 0, 0, 0, 0, 0, 32, 25, 18),
(24, 1, 1, 1, 0, 0, 0, 0, 0, 0, 0, 0, 32, 25, 9),
(25, 1, 1, 1, 0, 0, 0, 0, 0, 0, 0, 0, 32, 25, 9),
(26, 1, 1, 1, 0, 0, 0, 0, 0, 0, 0, 0, 32, 25, 9),
(27, 1, 1, 1, 0, 0, 0, 0, 0, 0, 0, 0, 32, 25, 21),
(28, 1, 1, 1, 0, 0, 0, 0, 0, 0, 0, 0, 32, 25, 21),
(29, 1, 1, 1, 0, 0, 0, 0, 0, 0, 0, 0, 32, 25, 21),
(30, 1, 1, 1, 0, 0, 0, 0, 0, 0, 0, 0, 32, 25, 9),
(31, 1, 1, 1, 0, 0, 0, 0, 0, 0, 0, 0, 32, 25, 22),
(32, 1, 1, 1, 0, 0, 0, 0, 0, 0, 0, 0, 32, 25, 22),
(33, 1, 1, 1, 0, 0, 0, 0, 0, 0, 0, 0, 32, 25, 22),
(34, 1, 1, 1, 0, 0, 0, 0, 0, 0, 0, 0, 32, 25, 22),
(35, 1, 1, 1, 0, 0, 0, 0, 0, 0, 0, 0, 32, 25, 22),
(36, 1, 1, 1, 0, 0, 0, 0, 0, 0, 0, 0, 32, 25, 22),
(37, 1, 1, 1, 0, 0, 0, 0, 0, 0, 0, 0, 32, 25, 22),
(38, 1, 1, 1, 0, 0, 0, 0, 0, 0, 0, 0, 32, 25, 22),
(39, 1, 1, 1, 0, 0, 0, 0, 0, 0, 0, 0, 32, 25, 22),
(40, 1, 1, 1, 0, 0, 0, 0, 0, 0, 0, 0, 32, 25, 22),
(41, 1, 1, 1, 0, 0, 0, 0, 0, 0, 0, 0, 32, 25, 22),
(42, 1, 1, 1, 0, 0, 0, 0, 0, 0, 0, 0, 32, 25, 22),
(43, 1, 1, 1, 0, 0, 0, 0, 0, 0, 0, 0, 32, 25, 22),
(44, 1, 1, 1, 0, 0, 0, 0, 0, 0, 0, 0, 32, 25, 22),
(45, 1, 1, 1, 0, 0, 0, 0, 0, 0, 0, 0, 32, 25, 22),
(46, 1, 1, 1, 0, 0, 0, 0, 0, 0, 0, 0, 32, 25, 22),
(47, 1, 1, 1, 0, 0, 0, 0, 0, 0, 0, 0, 32, 25, 22),
(48, 1, 1, 1, 0, 0, 0, 0, 0, 0, 0, 0, 32, 25, 22),
(49, 1, 1, 1, 0, 0, 0, 0, 0, 0, 0, 0, 32, 25, 22),
(50, 0, 0, 0, 0, 0, 0, 0, 0, 0, 0, 0, 33, 32, 24),
(51, 0, 0, 0, 0, 0, 0, 0, 0, 0, 0, 0, 33, 32, 24),
(52, 0, 0, 0, 0, 0, 0, 0, 0, 0, 0, 0, 33, 32, 24),
(53, 1, 1, 1, 0, 0, 0, 0, 0, 0, 0, 0, 32, 25, 9),
(54, 1, 1, 1, 0, 0, 0, 0, 0, 0, 0, 0, 32, 25, 9),
(55, 1, 1, 1, 0, 0, 0, 0, 0, 0, 0, 0, 32, 25, 28),
(56, 1, 1, 1, 0, 0, 0, 0, 0, 0, 0, 0, 32, 25, 9),
(57, 1, 1, 1, 0, 0, 0, 0, 0, 0, 0, 0, 32, 25, 29),
(58, 1, 1, 1, 0, 0, 0, 0, 0, 0, 0, 0, 32, 25, 9),
(59, 1, 1, 1, 0, 0, 0, 0, 0, 0, 0, 0, 32, 25, 30),
(60, 1, 1, 1, 0, 0, 0, 0, 0, 0, 0, 0, 32, 25, 9),
(61, 1, 1, 1, 0, 0, 0, 0, 0, 0, 0, 0, 32, 25, 31),
(62, 1, 1, 1, 0, 0, 0, 0, 0, 0, 0, 0, 32, 25, 9),
(63, 1, 1, 1, 0, 0, 0, 0, 0, 0, 0, 0, 32, 25, 9),
(64, 1, 1, 1, 0, 0, 0, 0, 0, 0, 0, 0, 32, 25, 9),
(65, 1, 1, 1, 0, 0, 0, 0, 0, 0, 0, 0, 32, 25, 34);

-- --------------------------------------------------------

--
-- Table structure for table `utilizatori`
--

DROP TABLE IF EXISTS `utilizatori`;
CREATE TABLE IF NOT EXISTS `utilizatori` (
  `id_cont` int NOT NULL AUTO_INCREMENT,
  `nume_utilizator` varchar(50) NOT NULL,
  `prenume_utilizator` varchar(50) NOT NULL,
  `username` varchar(50) NOT NULL,
  `varsta` int NOT NULL,
  `parola` varchar(50) NOT NULL,
  `email` varchar(50) NOT NULL,
  `mobil` varchar(13) NOT NULL,
  `rol` varchar(50) CHARACTER SET utf8mb4 COLLATE utf8mb4_0900_ai_ci NOT NULL DEFAULT 'utilizator',
  PRIMARY KEY (`id_cont`)
) ENGINE=InnoDB AUTO_INCREMENT=34 DEFAULT CHARSET=utf8mb4 COLLATE=utf8mb4_0900_ai_ci;

--
-- Dumping data for table `utilizatori`
--

INSERT INTO `utilizatori` (`id_cont`, `nume_utilizator`, `prenume_utilizator`, `username`, `varsta`, `parola`, `email`, `mobil`, `rol`) VALUES
(1, 'Podeanu', 'Adriana', 'adriana.podenau', 22, 'licenta27', 'admin@admin.com', '0725148801', 'admin'),
(2, 'Popa', 'Nicoleta', 'popa_nicoleta', 21, 'nicoo', 'popa_nicoleta2002@gmail.com', '0725136612', 'utilizator'),
(3, 'Maiorescu', 'Cristina', 'crisuumaiorescu', 24, 'crisuu24', 'crisuu_maiorescu', '0752346987', 'utilizator'),
(4, 'Popescu', 'Cristian', 'popescu_cristi', 34, 'popescu_cristi', 'popescu_cristii@gmail.com', '0725667185', 'utilizator'),
(5, 'Amarghioale', 'Minodora', 'minodora_a', 41, 'minodora1234', 'mino_minodora@gmail.com', '0789456123', 'utilizator'),
(6, 'Maracineanu', 'Constantin', 'mconstantin', 46, 'mconstantin456', 'maracineanu_constantin@gmail.com', '0722456311', 'utilizator'),
(7, 'Leonida', 'Gheorghe', 'gheleo', 32, 'leoghe', 'gheorgheleonida@gmail.com', '0734616894', 'utilizator'),
(8, 'Nastase', 'Maria', 'marianast', 22, 'marianast', 'nastase1nastase@gmail.com', '0724454123', 'utilizator'),
(9, 'Zafiu', 'Elena', 'elenazafiu', 28, 'elenazafiu2024', 'elena2024zafiu@gmail.com', '0725561781', 'utilizator'),
(10, 'Tanasescu', 'Camelia', 'tanasescu_cami', 45, 'tanasescu_cami2', 'tanasescu_camelia@gmail.com', '0728916232', 'utilizator'),
(11, 'Nicolaescu', 'Sergiu', 'nicolaescu_sergiu1999', 25, 'nicolaescu', 'nicolaescu_sergiu@gmail.com', '072589772', 'utilizator'),
(12, 'Olteanu', 'Ioana', 'ioana234', 19, '123456', 'ioana234@gmail.com', '0789154678', 'utilizator'),
(13, 'Bucuran', 'Alexandra', 'alebucuran', 18, 'ale123bucuran', 'alebucuran@gmail.com', '0777211901', 'utilizator'),
(14, 'Ionica', 'Ionut', 'ionica_ionut', 31, 'ionica_ionut', 'ionica_ionut@gmail.com', '0728951171', 'utilizator'),
(15, 'Ionescu', 'Roxana', 'roxana_ione', 54, 'roxana_ione', 'roxana_ione@gmail.com', '0712123444', 'utilizator'),
(16, 'Papuc', 'Carmen', 'carmenpapuc', 52, 'papuc_carmen', 'carmenpapuc@gmail.com', '0723315687', 'utilizator'),
(17, 'Piatra', 'Marius', 'piatramarius', 39, 'piatramarius', 'piatramarius@gmail.com', '0789896825', 'utilizator'),
(18, 'Moldoveanu', 'Cristian', 'moldoveanucristian', 29, 'moldoveanucristian', 'moldooveanucristian@gmail.com', '0744156222', 'utilizator'),
(19, 'Vlasceanu', 'Valentin', 'vlasceanu_valentin', 28, 'vlasceanuvalentin', 'vlasceanuvalentin@gmail.com', '0756441323', 'utilizator'),
(20, 'Cocostarc', 'Iulia', 'iulia_cocostarc', 22, '123', 'iulia@gmail.com', '123', 'utilizator'),
(21, 'Ene', 'Mihai', 'mihai_t', 25, '123', 'mihai@gmail.com', '123', 'utilizator'),
(22, 'Podgaru', 'Andrei', 'Andrei_vasilescu', 22, 'andrei', 'vasilescu@gmail.com', '0722563121', 'utilizator'),
(23, 'Podeanu', 'Stefania', 'stefania.podeanu', 22, 'licenta27', 'stefaniapodeanu1@gmail.com', '0725148801', 'utilizator'),
(24, 'Floricica', 'Ion', 'ion_flori', 22, 'ion_flori', 'ion_flori@gmail.com', '0725643112', 'utilizator');

--
-- Constraints for dumped tables
--

--
-- Constraints for table `camere`
--
ALTER TABLE `camere`
  ADD CONSTRAINT `ca` FOREIGN KEY (`caza_cod`) REFERENCES `cazari` (`id_cazare`) ON DELETE CASCADE ON UPDATE CASCADE;

--
-- Constraints for table `cazari`
--
ALTER TABLE `cazari`
  ADD CONSTRAINT `adresa_caza` FOREIGN KEY (`adresa_cazare`) REFERENCES `adrese` (`id_adresa`) ON DELETE CASCADE ON UPDATE CASCADE,
  ADD CONSTRAINT `id_cont` FOREIGN KEY (`id_contact`) REFERENCES `contacte` (`id_contact`) ON DELETE CASCADE ON UPDATE CASCADE;

--
-- Constraints for table `comentarii`
--
ALTER TABLE `comentarii`
  ADD CONSTRAINT `util` FOREIGN KEY (`util`) REFERENCES `utilizatori` (`id_cont`) ON DELETE CASCADE ON UPDATE CASCADE;

--
-- Constraints for table `date_rezervare`
--
ALTER TABLE `date_rezervare`
  ADD CONSTRAINT `ut` FOREIGN KEY (`ut`) REFERENCES `utilizatori` (`id_cont`) ON DELETE CASCADE ON UPDATE CASCADE;

--
-- Constraints for table `evenimente`
--
ALTER TABLE `evenimente`
  ADD CONSTRAINT `adresa_eveniment` FOREIGN KEY (`adresa_eve`) REFERENCES `adrese` (`id_adresa`) ON DELETE CASCADE ON UPDATE CASCADE;

--
-- Constraints for table `evenimente_tipuri`
--
ALTER TABLE `evenimente_tipuri`
  ADD CONSTRAINT `da` FOREIGN KEY (`dat_rez`) REFERENCES `date_rezervare` (`cod_rezervare`) ON DELETE CASCADE ON UPDATE CASCADE,
  ADD CONSTRAINT `ob_pref` FOREIGN KEY (`ob_pref`) REFERENCES `tipuri_obiective` (`id_ob_tip`) ON DELETE CASCADE ON UPDATE CASCADE,
  ADD CONSTRAINT `uu` FOREIGN KEY (`uti`) REFERENCES `utilizatori` (`id_cont`) ON DELETE CASCADE ON UPDATE CASCADE;

--
-- Constraints for table `istoric`
--
ALTER TABLE `istoric`
  ADD CONSTRAINT `caz` FOREIGN KEY (`cazari`) REFERENCES `cazari` (`id_cazare`) ON DELETE CASCADE ON UPDATE CASCADE,
  ADD CONSTRAINT `cod_uti` FOREIGN KEY (`cod_uti`) REFERENCES `utilizatori` (`id_cont`) ON DELETE CASCADE ON UPDATE CASCADE,
  ADD CONSTRAINT `data_vizitata` FOREIGN KEY (`data_vizi`) REFERENCES `date_rezervare` (`cod_rezervare`) ON DELETE CASCADE ON UPDATE CASCADE;

--
-- Constraints for table `obiective`
--
ALTER TABLE `obiective`
  ADD CONSTRAINT `adresa_obie` FOREIGN KEY (`adresa_obiectiv`) REFERENCES `adrese` (`id_adresa`) ON DELETE CASCADE ON UPDATE CASCADE;

--
-- Constraints for table `oferte_preturi`
--
ALTER TABLE `oferte_preturi`
  ADD CONSTRAINT `caza` FOREIGN KEY (`cazare_id`) REFERENCES `cazari` (`id_cazare`) ON DELETE CASCADE ON UPDATE CASCADE,
  ADD CONSTRAINT `eve` FOREIGN KEY (`eveniment_id`) REFERENCES `evenimente` (`id_eveniment`) ON DELETE CASCADE ON UPDATE CASCADE,
  ADD CONSTRAINT `obi` FOREIGN KEY (`obiectiv_id`) REFERENCES `obiective` (`id_obiectiv`) ON DELETE CASCADE ON UPDATE CASCADE,
  ADD CONSTRAINT `resta` FOREIGN KEY (`restaurant_id`) REFERENCES `restaurante` (`id_restaurant`) ON DELETE CASCADE ON UPDATE CASCADE;

--
-- Constraints for table `preferinte_calatori`
--
ALTER TABLE `preferinte_calatori`
  ADD CONSTRAINT `cazar` FOREIGN KEY (`cazari`) REFERENCES `cazari` (`id_cazare`) ON DELETE CASCADE ON UPDATE CASCADE,
  ADD CONSTRAINT `even` FOREIGN KEY (`evenimente`) REFERENCES `evenimente` (`id_eveniment`) ON DELETE CASCADE ON UPDATE CASCADE,
  ADD CONSTRAINT `obiec` FOREIGN KEY (`obiective`) REFERENCES `obiective` (`id_obiectiv`) ON DELETE CASCADE ON UPDATE CASCADE,
  ADD CONSTRAINT `rest` FOREIGN KEY (`restaurante`) REFERENCES `restaurante` (`id_restaurant`) ON DELETE CASCADE ON UPDATE CASCADE,
  ADD CONSTRAINT `uti` FOREIGN KEY (`utili_id`) REFERENCES `utilizatori` (`id_cont`) ON DELETE CASCADE ON UPDATE CASCADE;

--
-- Constraints for table `restaurante`
--
ALTER TABLE `restaurante`
  ADD CONSTRAINT `adresa_rest` FOREIGN KEY (`adresa_id`) REFERENCES `adrese` (`id_adresa`) ON DELETE CASCADE ON UPDATE CASCADE,
  ADD CONSTRAINT `resta_contact` FOREIGN KEY (`restaurant_contact`) REFERENCES `contacte` (`id_contact`) ON DELETE CASCADE ON UPDATE CASCADE;

--
-- Constraints for table `rezervare_adresa`
--
ALTER TABLE `rezervare_adresa`
  ADD CONSTRAINT `adr` FOREIGN KEY (`cod_caza`) REFERENCES `cazari` (`id_cazare`) ON DELETE CASCADE ON UPDATE CASCADE,
  ADD CONSTRAINT `dat_reze` FOREIGN KEY (`cod_rez`) REFERENCES `date_rezervare` (`cod_rezervare`) ON DELETE CASCADE ON UPDATE CASCADE;

--
-- Constraints for table `rezervari`
--
ALTER TABLE `rezervari`
  ADD CONSTRAINT `camera_id` FOREIGN KEY (`camera_id`) REFERENCES `camere` (`cod_camera`) ON DELETE CASCADE ON UPDATE CASCADE;

--
-- Constraints for table `specific_restaurant`
--
ALTER TABLE `specific_restaurant`
  ADD CONSTRAINT `dat_rez` FOREIGN KEY (`dat_rez`) REFERENCES `date_rezervare` (`cod_rezervare`) ON DELETE CASCADE ON UPDATE CASCADE,
  ADD CONSTRAINT `pref_caz` FOREIGN KEY (`tip_caz_pref`) REFERENCES `tipuri_cazari_pref` (`tip`) ON DELETE CASCADE ON UPDATE CASCADE,
  ADD CONSTRAINT `utilizator` FOREIGN KEY (`utilizator`) REFERENCES `utilizatori` (`id_cont`) ON DELETE CASCADE ON UPDATE CASCADE;

--
-- Constraints for table `tipuri_obiective`
--
ALTER TABLE `tipuri_obiective`
  ADD CONSTRAINT `pref_resta` FOREIGN KEY (`speci_resta_pref`) REFERENCES `specific_restaurant` (`sp`) ON DELETE CASCADE ON UPDATE CASCADE;
COMMIT;

/*!40101 SET CHARACTER_SET_CLIENT=@OLD_CHARACTER_SET_CLIENT */;
/*!40101 SET CHARACTER_SET_RESULTS=@OLD_CHARACTER_SET_RESULTS */;
/*!40101 SET COLLATION_CONNECTION=@OLD_COLLATION_CONNECTION */;
